shot,CapCam1.png,CapCam3.png,CapCam4.png,CapCam5.png,RailGap.png
019000,0,0,0,0,0
019001,0,0,0,0,0
019002,0,0,0,0,0
019003,0,0,0,0,0
019015,0,0,0,0,0
019016,0,0,0,0,0
019017,0,0,0,0,0
019018,0,0,0,0,0
019019,0,0,0,0,0
019020,0,0,0,0,0
019021,0,0,0,0,0
019022,0,0,0,0,0
019023,0,0,0,0,0
019024,0,0,0,0,0
019025,0,0,0,0,0
019026,0,0,0,0,0
019027,0,0,0,0,0
019028,0,0,0,0,0
019029,0,0,0,0,0
019031,0,0,0,0,0
019032,0,0,0,0,0
019033,0,0,0,0,0
019034,0,0,0,0,0
019035,0,0,0,0,0
019039,0,0,0,0,0
019040,0,0,0,0,0
019041,0,0,0,0,0
019042,0,0,0,0,0
019043,0,0,0,0,0
019044,0,0,0,0,0
019045,0,0,0,0,0
019046,0,0,0,0,0
019047,0,0,0,0,0
019072,0,0,0,0,0
019073,0,0,0,0,0
019074,0,0,0,0,0
019075,0,0,0,0,0
019076,0,0,0,0,0
019077,0,0,0,0,0
019078,0,0,0,0,0
019079,0,0,0,0,0
019080,0,0,0,0,0
019081,0,0,0,0,0
019082,0,0,0,0,0
019083,0,0,0,0,0
019084,0,0,0,0,0
019085,0,0,0,0,0
019086,0,0,0,0,0
019087,0,0,0,0,0
019088,0,0,0,0,0
019089,0,0,0,0,0
019090,0,0,0,0,0
019091,0,0,0,0,0
019092,0,0,0,0,0
019093,0,0,0,0,0
019094,0,0,0,0,0
019095,1,0,0,0,0
019101,0,0,0,0,0
019102,0,0,0,0,0
019103,0,0,0,0,0
019106,0,0,0,0,0
019107,0,0,0,0,0
019108,0,0,0,0,0
019109,0,0,0,0,0
019110,0,0,0,0,0
019111,0,0,0,0,0
019112,0,0,0,0,0
019113,0,0,0,0,0
019115,0,0,0,0,0
019116,0,0,0,0,0
019117,0,0,0,0,0
019118,0,0,0,0,0
019119,0,0,0,0,0
019120,0,0,0,0,0
019121,0,0,0,0,0
019122,0,0,0,0,0
019123,0,0,0,0,0
019124,0,0,0,0,0
019125,1,0,0,0,0
019126,0,0,0,0,0
019146,0,0,0,0,0
019147,0,0,0,0,0
019148,0,0,0,0,0
019149,0,0,0,0,0
019150,0,0,0,0,0
019151,0,0,0,0,0
019152,0,0,0,0,0
019153,0,0,0,0,0
019154,0,0,0,0,0
019155,0,0,0,0,0
019159,0,0,0,0,0
019160,0,0,0,0,0
019161,0,0,0,0,0
019162,0,0,0,0,0
019163,0,0,0,0,0
019164,0,0,0,0,0
019167,0,0,0,0,0
019168,0,0,0,0,0
019169,0,0,0,0,0
019170,0,0,0,0,0
019171,0,0,0,0,0
019172,0,0,0,0,0
019173,0,0,0,0,0
019174,0,0,0,0,0
019175,0,0,0,0,0
019176,0,0,0,0,0
019177,0,0,0,0,0
019178,0,0,0,0,0
019179,0,0,0,0,0
019180,0,0,0,0,0
019181,0,0,0,0,0
019182,0,0,0,0,0
019183,0,0,0,0,0
019184,1,0,0,0,0
019185,0,0,0,0,0
019186,0,0,0,0,0
019187,0,0,0,0,0
019188,0,0,0,0,0
019189,0,0,0,0,0
019190,0,0,0,0,0
019191,0,0,0,0,0
019192,0,0,0,0,0
019193,0,0,0,0,0
019194,0,0,0,0,0
019195,0,0,0,0,0
019196,0,0,0,0,0
019197,0,0,0,0,0
019198,0,0,0,0,0
019199,0,0,0,0,0
019200,0,0,0,0,0
019201,0,0,0,0,0
019202,0,0,0,0,0
019203,0,0,0,0,0
019204,0,0,0,0,0
019205,0,0,0,0,0
019206,0,0,0,0,0
019207,0,0,0,0,0
019208,0,0,0,0,0
019209,0,0,0,0,0
019210,0,0,0,0,0
019211,0,0,0,0,0
019212,0,0,0,0,0
019213,0,0,0,0,0
019214,0,0,0,0,0
019215,0,0,0,0,0
019216,0,0,0,0,0
019217,0,0,0,0,0
019218,0,0,0,0,0
019219,0,0,0,0,0
019220,0,0,0,0,0
019221,0,0,0,0,0
019222,0,0,0,0,0
019223,0,0,0,0,0
019224,0,0,0,0,0
019225,0,0,0,0,0
019226,0,0,0,0,0
019227,0,0,0,0,0
019228,0,0,0,0,0
019229,0,0,0,0,0
019230,0,0,0,0,0
019231,0,0,0,0,0
019232,0,0,0,0,0
019233,0,0,0,0,0
019234,0,0,0,0,0
019235,0,0,0,0,0
019236,0,0,0,0,0
019237,0,0,0,0,0
019238,0,0,0,0,0
019239,0,0,0,0,0
019240,0,0,0,0,0
019241,0,0,0,0,0
019242,0,0,0,0,0
019243,0,0,0,0,0
019244,0,0,0,0,0
019245,0,0,0,0,0
019246,0,0,0,0,0
019247,0,0,0,0,0
019248,0,0,0,0,0
019249,0,0,0,0,0
019250,0,0,0,0,0
019251,0,0,0,0,0
019252,0,0,0,0,0
019253,0,0,0,0,0
019254,0,0,0,0,0
019255,0,0,0,0,0
019256,0,0,0,0,0
019257,0,0,0,0,0
019258,0,0,0,0,0
019259,1,0,0,0,0
019260,0,0,0,0,0
019261,0,0,0,0,0
019262,0,0,0,0,0
019263,0,0,0,0,0
019264,0,0,0,0,0
019267,0,0,0,0,0
019268,0,0,0,0,0
019269,0,0,0,0,0
019270,0,0,0,0,0
019271,0,0,0,0,0
019272,0,0,0,0,0
019273,0,0,0,0,0
019274,0,0,0,0,0
019275,0,0,0,0,0
019276,0,0,0,0,0
019277,0,0,0,0,0
019278,0,0,0,0,0
019279,0,0,0,0,0
019280,0,0,0,0,0
019281,0,0,0,0,0
019282,0,0,0,0,0
019285,0,,,,
019286,0,,,,
019287,0,0,,,
019288,0,0,,,
019289,0,0,,,
019290,0,,,,
019291,0,0,0,0,0
019292,0,0,0,0,0
019293,0,0,0,0,0
019294,0,0,0,0,0
019295,0,0,0,0,0
019296,0,0,0,0,0
019297,0,0,0,0,0
019298,0,0,0,0,0
019299,0,0,0,0,0
019300,0,0,0,0,0
019301,0,0,0,0,0
019302,0,0,0,0,0
019303,0,0,0,0,0
019304,0,0,0,0,0
019305,0,0,0,0,0
019306,0,0,0,0,0
019307,0,0,0,0,0
019308,0,0,0,0,0
019309,0,0,0,0,0
019310,1,0,0,0,0
019311,0,0,0,0,0
019312,0,0,0,0,0
019313,0,0,0,0,0
019315,0,0,0,0,0
019316,0,0,0,0,0
019317,0,0,0,0,0
019318,0,0,0,0,0
019319,0,0,0,0,0
019320,0,0,0,0,0
019321,0,0,0,0,0
019322,0,0,0,0,0
019323,0,0,0,0,0
019324,0,0,0,0,0
019325,0,0,0,0,0
019326,0,0,0,0,0
019327,0,0,0,0,0
019328,1,0,0,0,0
019329,0,0,0,0,0
019330,1,0,0,0,0
019331,0,0,0,0,0
019332,0,0,0,0,0
019333,0,0,0,0,0
019334,0,0,0,0,0
019335,1,0,0,0,0
019336,0,0,0,0,0
019337,0,0,0,0,0
019338,0,0,0,0,0
019339,0,,,,
019340,1,0,0,0,0
019341,0,0,0,0,0
019342,0,0,0,0,0
019343,0,0,0,0,0
019344,0,0,0,0,0
019345,0,0,0,0,0
019346,0,0,0,0,0
019347,0,0,0,0,0
019348,0,0,0,0,0
019349,0,0,0,0,0
019350,0,0,0,0,0
019351,0,0,0,0,0
019352,0,0,0,0,0
019354,0,0,0,0,0
019355,1,0,0,0,0
019356,0,0,0,0,0
019357,0,0,0,0,0
019358,0,0,0,0,0
019359,0,0,0,0,0
019360,0,0,0,0,0
019361,0,0,0,0,0
019362,0,0,0,0,0
019363,0,0,0,0,0
019365,0,0,0,0,0
019366,0,0,0,0,0
019367,0,0,0,0,0
019368,0,0,0,0,0
019369,0,0,0,0,0
019370,0,0,0,0,0
019371,0,0,0,0,0
019372,0,0,0,0,0
019373,0,0,0,0,0
019374,0,0,0,0,0
019375,0,0,0,0,0
019376,0,0,0,0,0
019377,0,0,0,0,0
019378,0,0,0,0,0
019379,0,0,0,0,0
019380,0,0,0,0,0
019381,0,0,0,0,0
019382,0,0,0,0,0
019383,1,0,0,0,0
019384,0,0,0,0,0
019385,0,0,0,0,0
019386,0,0,0,0,0
019387,0,0,0,0,0
019388,0,0,0,0,0
019389,0,0,0,0,0
019390,0,0,0,0,0
019391,0,0,0,0,0
019392,0,0,0,0,0
019393,0,0,0,0,0
019394,0,0,0,0,0
019395,0,0,0,0,0
019396,0,0,0,0,0
019397,0,0,0,0,0
019398,0,0,0,0,0
019399,0,0,0,0,0
019400,0,0,0,0,0
019401,0,0,0,0,0
019402,0,0,0,0,0
019403,0,0,0,0,0
019404,0,0,0,0,0
019405,0,0,0,0,0
019406,0,0,0,0,0
019407,0,0,0,0,0
019408,0,0,0,0,0
019409,0,0,0,0,0
019410,0,0,0,0,0
019411,0,0,0,0,0
019412,0,0,0,0,0
019413,0,0,0,0,0
019414,0,0,0,0,0
019415,0,0,0,0,0
019416,0,0,0,0,0
019417,0,0,0,0,0
019418,0,0,0,0,0
019419,0,0,0,0,0
019420,0,0,0,0,0
019421,0,0,0,0,0
019422,0,0,0,0,0
019423,0,0,0,0,0
019424,0,0,0,0,0
019425,0,0,0,0,0
019426,0,0,0,0,0
019427,0,0,0,0,0
019428,0,0,0,0,0
019429,0,0,0,0,0
019430,0,0,0,0,0
019431,0,0,0,0,0
019432,0,0,0,0,0
019433,0,0,0,0,0
019434,0,0,0,0,0
019435,0,0,0,0,0
019437,0,0,0,0,0
019438,0,0,0,0,0
019439,0,0,0,0,0
019440,0,0,0,0,0
019441,0,0,0,0,0
019442,0,0,0,0,0
019443,0,0,0,0,0
019444,0,0,0,0,0
019445,0,0,0,0,0
019446,0,0,0,0,0
019448,0,0,0,0,0
019449,0,0,0,0,0
019450,1,0,0,0,0
019451,0,0,0,0,0
019452,0,0,0,0,0
019453,0,0,0,0,0
019454,0,0,0,0,0
019455,0,0,0,0,0
019456,0,0,0,0,0
019457,0,0,0,0,0
019458,0,0,0,0,0
019459,0,0,0,0,0
019460,0,0,0,0,0
019461,0,0,0,0,0
019462,0,0,0,0,0
019463,0,0,0,0,0
019464,0,0,0,0,0
019465,0,0,0,0,0
019466,1,0,0,0,0
019467,0,0,0,0,0
019468,0,0,0,0,0
019469,1,0,0,0,1
019470,0,0,0,0,0
019471,0,0,0,0,0
019472,0,0,0,0,0
019473,0,0,0,0,0
019474,0,0,0,0,0
019475,0,0,0,0,0
019476,0,0,0,0,0
019477,0,0,0,0,0
019478,0,0,0,0,0
019479,0,0,0,0,0
019480,0,0,0,0,0
019481,0,0,0,0,0
019483,0,0,0,0,0
019484,0,0,0,0,0
019485,0,0,0,0,0
019486,0,0,0,0,0
019487,0,0,0,0,0
019488,0,0,0,0,0
019489,0,0,0,0,0
019490,0,0,0,0,0
019491,0,0,0,0,0
019492,0,0,0,0,0
019493,0,0,0,0,0
019494,0,0,0,0,0
019495,0,0,0,0,0
019496,0,0,0,0,0
019497,0,0,0,0,0
019498,0,0,0,0,0
019499,0,0,0,0,0
019500,0,0,0,0,0
019501,0,0,0,1,0
019502,0,0,0,0,0
019503,0,0,0,0,0
019504,0,0,0,0,0
019505,0,0,0,0,0
019506,0,0,0,0,0
019507,0,0,0,0,0
019508,0,0,0,0,0
019509,0,0,0,0,0
019510,0,0,0,0,0
019511,0,0,0,0,0
019512,0,0,0,0,0
019513,0,0,0,0,0
019514,0,0,0,0,0
019515,0,0,0,0,0
019516,0,0,0,0,0
019517,0,0,0,0,0
019518,0,0,0,0,0
019519,0,0,0,0,0
019520,0,0,0,0,0
019521,0,0,0,0,0
019522,0,0,0,0,0
019523,0,0,0,0,0
019524,0,0,0,0,0
019525,0,0,0,0,0
019526,0,0,0,0,0
019542,0,0,0,0,0
019543,0,0,0,0,0
019544,0,0,0,0,0
019545,0,0,0,0,0
019546,0,0,0,0,0
019547,0,0,0,0,0
019548,0,0,0,0,0
019549,1,0,0,0,0
019550,0,0,0,0,0
019551,0,0,0,0,0
019552,0,0,0,0,0
019553,0,0,0,0,0
019554,0,0,0,0,0
019555,1,0,0,0,0
019556,0,0,0,0,0
019557,0,0,0,0,0
019558,0,0,0,0,0
019559,0,0,0,0,0
019560,0,0,0,0,0
019561,0,0,0,0,0
019562,0,0,0,0,0
019563,1,0,0,0,0
019564,0,0,0,0,0
019565,0,0,0,0,0
019566,0,0,0,0,0
019567,0,0,0,0,0
019568,0,0,0,0,0
019569,0,0,0,0,0
019570,0,0,0,0,0
019571,0,0,0,0,0
019572,0,0,0,0,0
019573,0,0,0,0,0
019574,0,0,0,0,0
019575,0,0,0,0,0
019576,1,0,0,0,0
019577,0,0,0,0,0
019578,0,0,0,0,0
019579,0,0,0,0,0
019580,0,0,0,0,0
019581,0,0,0,0,0
019582,0,0,0,0,0
019583,0,0,0,0,0
019584,0,0,0,0,0
019585,0,0,0,0,0
019586,0,0,0,0,0
019587,0,0,0,0,0
019588,1,0,0,0,0
019589,0,0,0,0,0
019590,0,0,0,0,0
019591,0,0,0,0,0
019593,0,0,0,0,0
019594,0,0,0,0,0
019595,0,0,0,0,0
019596,0,0,0,0,0
019597,0,0,0,0,0
019598,0,0,0,0,0
019599,0,0,0,0,0
019600,0,0,0,0,0
019601,0,0,0,0,0
019602,0,0,0,0,0
019603,0,0,0,0,0
019604,0,0,0,0,0
019605,0,0,0,0,0
019606,0,0,0,0,0
019607,0,0,0,0,0
019608,0,0,0,0,0
019609,0,0,0,0,0
019610,0,0,0,0,0
019611,0,0,0,0,0
019612,0,0,0,0,0
019613,1,0,0,0,0
019614,0,0,0,0,0
019615,0,0,0,0,0
019616,0,0,0,0,0
019617,0,0,0,0,0
019618,0,0,0,0,0
019619,0,0,0,0,0
019620,0,0,0,0,0
019621,0,0,0,0,0
019622,0,0,0,0,0
019623,0,0,0,0,0
019624,0,0,0,0,0
019625,0,0,0,0,0
019626,0,0,0,0,0
019627,0,0,0,0,0
019628,0,0,0,0,0
019629,0,0,0,0,0
019630,0,0,0,0,0
019631,0,0,0,0,0
019633,0,0,0,0,0
019634,0,0,0,0,0
019635,0,0,0,0,0
019636,0,0,0,0,0
019637,0,0,0,0,0
019638,0,0,0,0,0
019639,0,0,0,0,0
019640,0,0,0,0,0
019641,0,0,0,0,0
019642,0,0,0,0,0
019643,0,0,0,0,0
019644,0,0,0,0,0
019645,0,0,0,0,0
019646,0,0,0,0,0
019647,0,0,0,0,0
019648,0,0,0,0,0
019649,0,0,0,0,0
019650,0,0,0,0,0
019651,0,0,0,0,0
019652,0,0,0,0,0
019653,0,0,0,0,0
019654,0,0,0,0,0
019655,0,0,0,0,0
019656,0,0,0,0,0
019657,0,0,0,0,0
019658,0,0,0,0,0
019659,0,0,0,0,0
019660,0,0,0,0,0
019661,0,0,0,0,0
019662,0,0,0,0,0
019663,0,0,0,0,0
019664,0,0,0,0,0
019665,0,0,0,0,0
019666,0,0,0,0,0
019667,0,0,0,0,0
019668,0,0,0,0,0
019669,0,0,0,0,0
019670,0,0,0,0,0
019671,0,0,0,0,0
019672,0,0,0,0,0
019673,1,0,0,1,0
019674,0,0,0,0,0
019675,0,0,0,0,0
019676,0,0,0,0,0
019677,0,0,0,0,0
019678,0,0,0,0,0
019679,0,0,0,0,0
019680,1,0,0,0,0
019681,0,0,0,0,0
019682,0,0,0,0,0
019683,0,0,0,0,0
019684,0,0,0,0,0
019685,0,0,0,0,0
019686,0,0,0,0,0
019687,0,0,0,0,0
019688,0,0,0,0,0
019689,0,0,0,0,0
019690,0,0,0,0,0
019691,0,0,0,0,0
019692,0,0,0,0,0
019693,0,0,0,0,0
019694,0,0,0,0,0
019695,0,0,0,0,0
019696,0,0,0,0,0
019697,0,0,0,0,0
019698,0,0,0,0,0
019699,0,0,0,0,0
019700,0,0,0,0,0
019701,0,0,0,0,0
019702,0,0,0,0,0
019703,0,0,0,0,0
019704,0,0,0,0,0
019705,0,0,0,0,0
019706,0,0,0,0,0
019707,0,0,0,0,0
019708,0,0,0,0,0
019709,0,0,0,0,0
019710,0,0,0,0,0
019711,0,0,0,0,0
019712,0,0,0,0,0
019713,0,0,0,0,0
019714,1,0,0,0,0
019715,0,0,0,0,0
019716,0,0,0,0,0
019717,0,0,0,0,0
019718,0,0,0,0,0
019719,0,0,0,0,0
019720,0,0,0,0,0
019721,0,0,0,0,0
019722,0,0,0,0,0
019723,0,0,0,0,0
019724,0,0,0,0,0
019725,0,0,0,0,0
019726,0,0,0,0,0
019727,0,0,0,0,0
019728,0,0,0,0,0
019729,0,0,0,0,0
019730,0,0,0,0,0
019731,0,0,0,0,0
019732,0,0,0,0,1
019733,0,0,0,0,0
019734,0,0,0,0,0
019735,0,0,0,0,0
019736,0,0,0,0,0
019737,0,0,0,0,0
019738,0,0,0,0,0
019739,0,0,0,0,0
019740,0,0,0,0,0
019741,0,0,0,0,0
019742,0,0,0,0,0
019743,0,0,0,0,0
019744,1,0,0,0,0
019745,0,0,0,0,0
019746,0,0,0,0,0
019747,0,0,0,0,0
019748,0,0,0,0,0
019749,0,0,0,0,0
019750,0,0,0,0,0
019751,0,0,0,0,0
019752,0,0,0,0,0
019753,0,0,0,0,0
019754,0,0,0,0,0
019755,0,0,0,0,0
019756,0,0,0,0,0
019757,0,0,0,0,0
019758,0,0,0,0,0
019759,0,0,0,0,0
019760,0,0,0,0,0
019761,0,0,0,0,0
019762,0,0,0,0,0
019763,0,0,0,0,0
019764,0,0,0,0,0
019765,0,0,0,0,0
019766,0,0,0,0,0
019767,0,0,0,0,0
019768,0,0,0,0,0
019769,0,0,0,0,0
019771,0,0,0,0,0
019772,0,0,0,0,0
019773,0,0,0,0,0
019774,0,0,0,0,0
019775,0,0,0,0,0
019777,0,0,0,0,0
019778,0,0,0,0,0
019779,0,0,0,0,0
019780,0,0,0,0,0
019781,0,0,0,0,0
019782,0,0,0,0,0
019783,0,0,0,0,0
019784,0,0,0,0,0
019785,0,0,0,0,0
019786,0,0,0,0,0
019787,0,0,0,0,0
019788,0,0,0,0,0
019789,0,0,0,0,0
019790,0,0,0,0,0
019791,0,0,0,0,0
019792,0,0,0,0,0
019793,0,0,0,0,0
019794,0,0,0,0,0
019795,0,0,0,0,0
019796,0,0,0,0,0
019797,0,0,0,0,0
019798,0,0,0,0,0
019799,0,0,0,0,0
019800,0,0,0,0,0
019801,0,0,0,0,0
019802,0,0,0,0,0
019803,0,0,0,0,0
019804,0,0,0,0,0
019805,0,0,0,0,0
019806,0,0,0,0,0
019807,0,0,0,0,0
019808,0,0,0,0,0
019809,0,0,0,0,0
019810,0,0,0,0,0
019811,0,0,0,0,0
019812,0,0,0,0,0
019813,0,0,0,0,0
019814,0,0,0,0,0
019815,0,0,0,0,0
019816,0,0,0,0,0
019817,0,0,0,0,0
019818,0,0,0,0,0
019819,0,0,0,0,0
019820,0,0,0,0,0
019821,0,0,0,0,0
019822,0,0,0,0,0
019823,0,0,0,0,0
019824,0,0,0,0,0
019825,0,0,0,0,0
019826,0,0,0,0,0
019827,1,0,0,0,0
019828,0,0,0,0,0
019829,0,0,0,0,0
019830,0,0,0,0,0
019831,0,0,0,0,0
019832,0,0,0,0,0
019833,0,0,0,0,0
019834,0,0,0,0,0
019835,0,0,0,0,0
019836,0,0,0,0,0
019837,0,0,0,0,0
019838,0,0,0,0,0
019839,0,0,0,0,0
019840,0,0,0,0,0
019841,0,0,0,0,0
019842,0,0,0,0,0
019843,0,0,0,0,0
019844,0,0,0,0,0
019845,0,0,0,0,0
019846,0,0,0,0,0
019847,0,0,0,0,0
019848,0,0,0,0,0
019849,0,0,0,0,0
019850,0,0,0,0,0
019851,0,0,0,0,0
019852,0,0,0,0,0
019853,0,0,0,0,0
019854,1,0,0,0,0
019855,0,0,0,0,0
019856,0,0,0,0,0
019857,1,0,0,0,0
019858,0,0,0,0,0
019859,0,0,0,0,0
019860,0,0,0,0,0
019861,0,0,0,0,0
019862,0,0,0,0,0
019863,0,0,0,0,0
019864,0,0,0,0,0
019865,0,0,0,0,0
019866,0,0,0,0,0
019867,0,0,0,0,0
019868,0,0,0,0,0
019869,0,0,0,0,0
019870,0,0,0,0,0
019871,0,0,0,0,0
019872,0,0,0,0,0
019873,0,0,0,0,0
019874,0,0,0,0,0
019875,0,0,0,0,0
019876,0,0,0,0,0
019877,0,0,0,0,0
019878,0,0,0,0,0
019879,0,0,0,0,0
019880,0,0,0,0,0
019881,0,0,0,0,0
019882,0,0,0,0,0
019883,0,0,0,0,0
019884,0,0,0,0,0
019885,0,0,0,0,0
019886,0,0,0,0,0
019887,0,0,0,0,0
019888,0,0,0,0,0
019889,1,0,0,0,1
019890,0,0,0,0,0
019891,0,0,0,0,0
019892,0,0,0,0,0
019893,0,0,0,0,0
019894,1,0,0,0,0
019895,0,0,0,0,0
019896,0,0,0,0,0
019897,0,0,0,0,0
019898,0,0,0,0,0
019899,0,0,0,0,0
019900,0,0,0,0,0
019901,0,0,0,0,0
019902,0,0,0,0,0
019903,0,0,0,0,0
019904,0,0,0,0,0
019905,0,0,0,0,0
019906,0,0,0,0,0
019907,0,0,0,0,0
019908,0,0,0,0,0
019909,0,0,0,0,0
019910,0,0,0,0,0
019911,0,0,0,0,0
019912,0,0,0,0,0
019913,0,0,0,0,0
019914,0,0,0,0,0
019915,0,0,0,0,0
019916,0,0,0,0,0
019917,1,0,0,0,0
019918,0,0,0,0,0
019919,0,0,0,0,0
019920,0,0,0,0,0
019921,0,0,0,0,0
019922,0,0,0,0,0
019923,0,0,0,0,0
019924,0,0,0,0,0
019925,0,0,0,0,0
019926,0,0,0,0,0
019927,0,0,0,0,0
019928,0,0,0,0,0
019929,1,0,0,0,0
019930,0,0,0,0,0
019931,0,0,0,0,0
019932,0,0,0,0,0
019933,0,0,0,0,0
019934,0,0,0,0,0
019935,0,0,0,0,0
019936,0,0,0,0,0
019937,0,0,0,0,0
019938,0,0,0,0,0
019939,0,0,0,0,0
019940,0,0,0,0,0
019941,0,0,0,0,0
019942,0,0,0,0,0
019943,0,0,0,0,0
019944,0,0,0,0,0
019945,0,0,0,0,0
019946,0,0,0,0,0
019947,0,0,0,0,0
019948,0,0,0,0,0
019949,0,0,0,0,0
019950,0,0,0,0,0
019951,0,0,0,0,0
019952,0,0,0,0,0
019953,0,0,0,0,0
019954,0,0,0,0,0
019955,0,0,0,0,0
019956,0,0,0,0,0
019957,0,0,0,0,0
019958,1,0,0,0,0
019959,0,0,0,0,0
019960,0,0,,,
019961,0,0,,,
019962,0,0,,,
019963,0,0,,,
019964,0,0,0,0,0
019965,0,0,0,0,0
019966,0,0,0,0,0
019967,0,0,0,0,0
019968,0,0,0,0,0
019969,0,0,0,0,0
019970,0,0,0,0,0
019971,0,0,0,0,0
019972,0,0,0,0,0
019973,0,0,0,0,0
019974,0,0,0,0,0
019975,0,0,0,0,0
019976,0,0,0,0,0
019977,0,0,0,0,0
019978,0,0,0,0,0
019979,0,0,0,0,0
019980,0,0,0,0,0
019981,0,0,0,0,0
019982,0,0,0,0,0
019983,0,0,0,0,0
019984,0,0,0,0,0
019985,0,0,0,0,0
019986,0,0,0,0,0
019987,0,0,0,0,0
019988,0,0,0,0,0
019989,0,0,0,0,0
019991,0,0,0,0,0
019992,0,0,0,0,0
019993,0,0,0,0,0
019994,0,0,0,0,0
019995,0,0,0,0,0
019996,0,0,0,0,0
019997,0,0,0,0,0
019998,0,0,0,0,0
019999,0,0,0,0,0
020000,0,0,0,0,0
020001,0,0,0,0,0
020002,0,0,0,0,0
020003,0,0,0,0,0
020004,0,0,0,0,0
020005,1,0,0,0,0
020006,0,0,0,0,0
020007,0,0,0,0,0
020008,0,0,0,0,0
020009,0,0,0,0,0
020010,0,0,0,0,0
020011,0,0,0,0,0
020012,0,0,0,0,0
020013,1,0,0,0,0
020014,0,0,0,0,0
020015,0,0,0,0,0
020016,0,0,0,0,0
020017,0,0,0,0,0
020018,0,0,0,0,0
020019,0,0,0,0,0
020020,0,0,0,0,0
020021,0,0,0,0,0
020022,0,0,0,0,0
020023,0,0,0,0,0
020024,0,0,0,0,0
020025,0,0,0,0,0
020026,0,0,0,0,0
020027,0,0,0,0,0
020028,0,0,0,0,0
020029,0,0,0,0,0
020030,0,0,0,0,0
020031,0,0,0,0,0
020032,0,0,0,0,0
020033,0,0,0,0,0
020034,0,0,0,0,0
020036,0,0,0,0,0
020037,0,0,0,0,0
020038,0,0,0,0,0
020039,0,0,0,0,0
020040,0,0,0,0,0
020041,0,0,0,0,0
020042,0,0,0,0,0
020043,0,0,0,0,0
020044,0,0,0,0,0
020045,0,0,0,0,0
020046,0,0,0,0,0
020047,0,0,0,0,0
020048,0,0,0,0,0
020049,1,0,0,0,0
020050,0,0,0,0,0
020051,0,0,0,0,0
020052,0,0,0,0,0
020053,1,0,0,0,0
020054,0,0,0,0,0
020055,0,0,0,0,0
020056,0,0,0,0,0
020057,0,0,0,0,0
020058,0,0,0,0,0
020059,0,0,0,0,0
020060,0,0,0,0,0
020061,0,0,0,0,0
020062,0,0,0,0,0
020063,0,0,0,0,0
020064,0,0,0,0,0
020065,0,0,0,0,0
020066,0,0,0,0,0
020067,0,0,0,0,0
020068,0,0,0,0,0
020069,0,0,0,0,0
020070,0,0,0,0,0
020071,0,0,0,0,0
020072,0,0,0,0,0
020073,0,0,0,0,0
020074,0,0,0,0,0
020075,0,0,0,0,0
020076,0,0,0,0,0
020077,0,0,0,0,0
020078,0,0,0,0,0
020079,0,0,0,0,0
020080,0,0,0,0,0
020081,0,0,0,0,0
020082,0,0,0,0,0
020083,0,0,0,0,0
020084,0,0,0,0,0
020085,0,0,0,0,0
020086,0,0,0,0,0
020087,0,0,0,0,0
020088,0,0,0,0,0
020089,0,0,0,0,0
020090,0,0,0,0,0
020091,0,0,0,0,0
020092,0,0,0,0,0
020093,0,0,0,0,0
020094,0,0,0,0,0
020095,0,0,0,0,0
020096,0,0,0,0,0
020097,0,0,0,0,0
020098,0,0,0,0,0
020099,0,0,0,0,0
020100,1,0,0,0,0
020101,0,0,0,0,0
020102,0,0,0,0,0
020103,0,0,0,0,0
020104,0,0,0,0,0
020105,0,0,0,0,0
020106,0,0,0,0,0
020107,0,0,0,0,0
020108,0,0,0,0,0
020109,0,0,0,0,0
020110,0,0,0,0,0
020112,0,0,0,0,0
020113,0,0,0,0,0
020114,0,0,0,0,0
020115,0,0,0,0,0
020116,0,0,0,0,0
020117,0,0,0,0,0
020118,0,0,0,0,0
020119,0,0,0,0,0
020120,0,0,0,0,0
020121,0,0,0,0,0
020122,0,0,0,0,0
020123,0,0,0,0,0
020124,1,0,0,1,0
020125,0,0,0,0,0
020126,0,0,0,0,0
020127,0,0,0,0,0
020128,0,0,0,0,0
020129,0,0,0,0,0
020130,0,0,0,0,0
020131,0,0,0,0,0
020132,0,0,0,0,0
020133,0,0,0,0,0
020134,0,0,0,0,0
020135,0,0,0,0,0
020136,0,0,0,0,0
020137,1,0,0,0,0
020138,0,0,0,0,0
020139,0,0,0,0,0
020140,0,0,0,0,0
020141,0,0,0,0,0
020142,0,0,0,0,0
020143,0,0,0,0,0
020144,1,0,0,0,0
020145,0,0,0,0,0
020146,0,0,0,0,0
020147,0,0,0,0,0
020148,0,0,0,0,0
020149,0,0,0,0,0
020150,0,0,0,0,0
020151,0,0,0,0,0
020152,0,0,0,0,0
020153,0,0,0,0,0
020154,0,0,0,0,0
020155,0,0,0,0,0
020156,0,0,0,0,0
020157,1,0,0,0,0
020158,0,0,0,0,0
020159,0,0,0,0,0
020160,0,0,0,0,0
020161,0,0,0,0,0
020162,0,0,0,0,0
020163,0,0,0,0,0
020164,0,0,0,0,0
020165,0,0,0,0,0
020166,0,0,0,0,0
020167,0,0,0,0,0
020168,0,0,0,0,0
020169,0,0,0,0,0
020170,0,0,0,0,0
020171,0,0,0,0,0
020172,0,0,0,0,0
020173,0,0,0,0,0
020174,0,0,0,0,0
020175,0,0,0,0,0
020176,0,0,0,0,0
020177,0,0,0,0,0
020178,0,0,0,0,0
020179,0,0,0,0,0
020180,0,0,0,0,0
020181,0,0,0,0,0
020182,0,0,0,0,0
020183,0,0,0,0,0
020184,0,0,0,0,0
020185,0,0,0,0,0
020186,1,0,0,0,0
020187,0,0,0,0,0
020188,0,0,0,0,0
020189,0,0,0,0,0
020190,0,0,0,0,0
020191,0,0,0,0,0
020192,0,0,0,0,0
020193,0,0,0,0,0
020194,0,0,0,0,0
020195,0,0,0,0,0
020196,0,0,0,0,0
020197,1,0,0,0,0
020198,0,0,0,0,0
020199,1,0,0,0,0
020200,0,0,0,0,0
020201,0,0,0,0,0
020202,0,0,0,0,0
020203,0,0,0,0,0
020204,0,0,0,0,0
020206,0,0,0,0,0
020207,0,0,0,0,0
020208,0,0,0,0,0
020209,0,0,0,0,0
020210,0,0,0,0,0
020211,0,0,0,0,0
020212,0,0,0,0,0
020213,0,0,0,0,0
020214,0,0,0,0,0
020215,0,0,0,0,0
020216,0,0,0,0,0
020217,0,0,0,0,0
020218,0,0,0,0,0
020219,0,0,0,0,0
020220,0,0,0,0,0
020221,0,0,0,0,0
020222,0,0,0,0,0
020223,0,0,0,0,0
020224,0,0,0,0,0
020225,0,0,0,0,0
020226,1,0,0,0,0
020227,0,0,0,0,0
020228,0,0,0,0,0
020229,0,0,0,0,0
020230,0,0,0,0,0
020231,0,0,0,0,0
020232,0,0,0,0,0
020233,0,0,0,0,0
020234,0,0,0,0,0
020235,0,0,0,0,0
020236,0,0,0,0,0
020237,0,0,0,0,0
020238,0,0,0,0,0
020239,0,0,0,0,0
020240,0,0,0,0,0
020241,0,0,0,0,0
020242,0,0,0,0,0
020243,0,0,0,0,0
020244,0,0,0,0,0
020245,0,0,0,0,0
020246,0,0,0,0,0
020247,0,0,0,0,0
020248,0,0,0,0,0
020249,0,0,0,0,0
020250,1,0,0,0,0
020251,0,0,0,0,0
020252,0,0,0,0,0
020253,0,0,0,0,0
020254,0,0,0,0,0
020255,0,0,0,0,0
020256,0,0,0,0,0
020257,0,0,0,0,0
020258,0,0,0,0,0
020259,0,0,0,0,0
020260,0,0,0,0,0
020261,0,0,0,0,0
020262,0,0,0,0,0
020263,0,0,0,0,0
020264,0,0,0,0,0
020265,0,0,0,0,0
020266,0,0,0,0,0
020267,0,0,0,0,0
020268,0,0,0,0,0
020269,0,0,0,0,0
020270,0,0,0,0,0
020271,0,0,0,0,0
020272,0,0,0,0,0
020273,0,0,0,0,0
020274,0,0,0,0,0
020275,0,0,0,0,0
020276,0,0,0,0,0
020277,0,0,0,0,0
020278,0,0,0,0,0
020279,0,0,0,0,0
020280,0,0,0,0,0
020281,0,0,0,0,0
020282,0,0,0,0,0
020283,0,0,0,0,0
020284,0,0,0,0,0
020285,0,0,0,0,0
020286,0,0,0,0,0
020287,1,0,0,0,0
020288,0,0,0,0,0
020289,0,0,0,0,0
020290,0,0,0,0,0
020291,1,0,0,0,0
020292,0,0,0,0,0
020293,0,0,0,0,0
020294,0,0,0,0,0
020295,0,0,0,0,0
020296,0,0,0,0,0
020297,0,0,0,0,0
020298,0,0,0,0,0
020299,0,0,0,0,0
020300,0,0,0,0,0
020301,0,0,0,0,0
020302,0,0,0,0,0
020303,0,0,0,0,0
020304,0,0,0,0,0
020305,0,0,0,0,0
020306,0,0,0,0,0
020307,0,0,0,0,0
020308,1,0,0,0,0
020309,0,0,0,0,0
020310,0,0,0,0,0
020311,0,0,0,0,0
020312,0,0,0,0,0
020313,0,0,0,0,0
020314,0,0,0,0,0
020315,0,0,0,0,0
020316,0,0,0,0,0
020317,0,0,0,0,0
020318,0,0,0,0,0
020319,0,0,0,0,0
020320,0,0,0,0,0
020321,0,0,0,0,0
020322,0,0,0,0,0
020323,0,0,0,0,0
020324,0,0,0,0,0
020325,0,0,0,0,0
020326,0,0,0,0,0
020327,0,0,0,0,0
020328,0,0,0,0,0
020329,0,0,0,0,0
020330,0,0,0,0,0
020332,1,0,0,0,0
020333,0,0,0,0,0
020334,0,0,0,0,0
020335,0,0,0,0,0
020336,0,0,0,0,0
020337,0,0,0,0,0
020338,0,0,0,0,0
020339,0,0,0,0,0
020340,0,0,0,0,0
020341,0,0,0,0,0
020342,0,0,0,0,0
020343,0,0,0,0,0
020344,0,0,0,0,0
020345,0,0,0,0,0
020346,0,0,0,0,0
020347,0,0,0,0,0
020348,0,0,0,0,0
020349,0,0,0,0,0
020350,1,0,0,0,0
020351,0,0,0,0,0
020352,0,0,0,0,0
020353,0,0,0,0,0
020354,0,0,0,0,0
020355,0,0,0,0,0
020356,0,0,0,0,0
020357,1,0,0,0,1
020358,0,0,0,0,0
020359,0,0,0,0,0
020360,0,0,0,0,0
020361,0,0,0,0,0
020362,0,0,0,0,0
020363,0,0,0,0,0
020364,0,0,0,0,0
020365,0,0,0,0,0
020366,0,0,0,0,0
020367,0,0,0,0,0
020368,0,0,0,0,0
020369,0,0,0,0,0
020370,0,0,0,0,0
020371,0,0,0,0,0
020372,0,0,0,0,0
020373,0,0,0,0,0
020374,0,0,0,0,0
020375,0,0,0,0,0
020376,0,0,0,0,0
020379,0,0,0,0,0
020380,0,0,0,0,0
020381,0,0,0,0,0
020382,0,0,0,0,0
020383,0,0,0,0,0
020384,0,0,0,0,0
020385,0,0,0,0,0
020386,0,0,0,0,0
020387,0,0,0,0,0
020388,0,0,0,0,0
020389,0,0,0,0,0
020390,0,0,0,0,0
020391,0,0,0,0,0
020392,0,0,0,0,0
020393,0,0,0,0,0
020394,0,0,0,0,0
020395,0,0,0,0,0
020396,0,0,0,0,0
020397,0,0,0,0,0
020398,0,0,0,0,0
020399,0,0,0,0,0
020400,0,0,0,0,0
020401,0,0,0,0,0
020402,0,0,0,0,0
020403,0,0,0,0,0
020404,0,0,0,0,0
020405,0,0,0,0,0
020406,0,0,0,0,0
020407,0,0,0,0,0
020408,0,0,0,0,0
020409,0,0,0,0,0
020410,0,0,0,0,0
020411,0,0,0,0,0
020412,0,0,0,0,0
020413,0,0,0,0,0
020414,0,0,0,0,0
020415,0,0,0,0,0
020416,0,0,0,0,0
020417,0,0,0,0,0
020418,0,0,0,0,0
020419,1,0,0,0,0
020420,0,0,0,0,0
020421,0,0,0,0,0
020422,0,0,0,0,0
020423,0,0,0,0,0
020424,0,0,0,0,0
020425,0,0,0,0,0
020426,0,0,0,0,0
020427,1,0,0,0,1
020428,1,0,0,0,1
020429,0,0,0,0,0
020430,0,0,0,0,0
020431,0,0,0,0,0
020432,1,0,0,0,1
020433,0,0,0,0,0
020434,0,0,0,0,0
020435,0,0,0,0,0
020436,0,0,0,0,0
020437,0,0,0,0,0
020438,0,0,0,0,0
020439,0,0,0,0,0
020440,0,0,0,0,0
020441,0,0,0,0,0
020442,0,0,0,0,0
020443,0,0,0,0,0
020444,1,0,0,1,1
020451,1,0,0,0,0
020452,0,0,0,0,0
020453,0,0,0,0,0
020454,0,0,0,0,0
020455,0,0,0,0,0
020456,0,0,0,0,0
020457,0,0,0,0,0
020468,0,0,0,0,0
020469,0,0,0,0,0
020470,0,0,0,0,0
020471,0,0,0,0,0
020472,1,0,0,0,1
020473,1,0,0,0,0
020474,0,0,0,0,0
020475,0,0,0,0,0
020476,0,0,0,0,0
020477,0,0,0,0,0
020478,0,0,0,0,0
020479,1,0,0,0,0
020480,0,0,0,0,0
020481,0,0,0,0,0
020482,0,0,0,0,0
020483,0,0,0,0,0
020484,1,0,0,0,0
020485,0,0,0,0,0
020486,0,0,0,0,0
020487,0,0,0,0,0
020488,0,0,0,0,0
020489,0,0,0,0,0
020490,0,0,0,0,0
020491,0,0,0,0,0
020492,0,0,0,0,0
020495,1,0,0,0,0
020496,0,0,0,0,0
020497,0,0,0,0,0
020498,0,0,0,0,0
020499,0,0,0,0,0
020500,0,0,0,0,0
020501,0,0,0,0,0
020503,0,0,0,0,0
020504,0,0,0,0,0
020505,0,0,0,0,0
020506,0,0,0,0,0
020507,0,0,0,0,0
020508,0,0,0,0,0
020509,0,0,0,0,0
020510,0,0,0,0,0
020511,0,0,0,0,0
020512,0,0,0,0,0
020513,0,0,0,0,0
020514,0,0,0,0,0
020515,0,0,0,0,0
020516,0,0,0,0,0
020517,0,0,0,0,0
020518,0,0,0,0,0
020519,0,0,0,0,0
020520,0,0,0,0,0
020521,0,0,0,0,0
020522,0,0,0,0,0
020523,0,0,0,0,0
020524,0,0,0,0,0
020525,0,0,0,0,0
020526,0,0,0,0,0
020527,0,0,0,0,0
020528,0,0,0,0,0
020529,0,0,0,0,0
020530,0,0,0,0,0
020531,0,0,0,0,0
020535,0,0,0,0,0
020536,0,0,0,0,0
020537,0,0,0,0,0
020538,0,0,0,0,0
020539,0,0,0,0,0
020540,0,0,0,0,0
020541,0,0,0,0,0
020542,0,0,0,0,0
020543,1,0,0,0,0
020544,0,0,0,0,0
020545,0,0,0,0,0
020546,0,0,0,0,0
020547,0,0,0,0,0
020548,0,0,0,0,0
020549,0,0,0,0,0
020550,0,0,0,0,0
020551,0,0,0,0,0
020552,0,0,0,0,0
020553,0,0,0,0,0
020554,0,0,0,0,0
020555,0,0,0,0,0
020556,0,0,0,0,0
020557,0,0,0,0,0
020558,0,0,0,0,0
020559,0,0,0,0,0
020560,0,0,0,0,0
020561,0,0,0,0,0
020562,0,0,0,0,0
020563,0,0,0,0,0
020564,0,0,0,0,0
020565,0,0,0,0,0
020566,0,0,0,0,0
020567,0,0,0,0,0
020568,0,0,0,0,0
020569,0,0,0,0,0
020570,0,0,0,0,0
020571,0,0,0,0,0
020572,0,0,0,0,0
020573,0,0,0,0,0
020574,0,0,0,0,0
020575,0,0,0,0,0
020576,0,0,0,0,0
020577,0,0,0,0,0
020578,0,0,0,0,0
020579,0,0,0,0,0
020580,0,0,0,0,0
020581,0,0,0,0,0
020582,0,0,0,0,0
020583,0,0,0,0,0
020584,0,0,0,0,0
020585,0,0,0,0,0
020586,0,0,0,0,0
020587,0,0,0,0,0
020588,0,0,0,0,0
020589,0,0,0,0,0
020590,0,0,0,0,0
020591,0,0,0,0,0
020592,0,0,0,0,0
020593,0,0,0,0,0
020594,0,0,0,0,0
020595,0,0,0,0,0
020596,0,0,0,0,0
020597,0,0,0,0,0
020598,0,0,0,0,0
020599,0,0,0,0,0
020600,0,0,0,0,0
020601,0,0,0,0,0
020602,0,0,0,0,0
020603,0,0,0,0,0
020604,0,0,0,0,0
020605,0,0,0,0,0
020606,0,0,0,0,0
020607,0,0,0,0,0
020608,1,0,0,0,0
020609,0,0,0,0,0
020610,0,0,0,0,0
020611,0,0,0,0,0
020612,0,0,0,0,0
020614,0,0,0,0,0
020615,1,0,0,0,0
020616,0,0,0,0,0
020617,0,0,0,0,0
020618,0,0,0,0,0
020619,0,0,0,0,0
020620,0,0,0,0,0
020621,0,0,0,0,0
020622,0,0,0,0,0
020623,0,0,0,0,0
020624,0,0,0,0,0
020625,0,0,0,0,0
020626,0,0,0,0,0
020627,0,0,0,0,0
020628,0,0,0,0,0
020629,1,0,0,0,1
020630,0,0,0,0,0
020631,0,0,0,0,0
020634,0,0,0,0,0
020635,0,0,0,0,0
020636,0,0,0,0,0
020637,0,0,0,0,0
020638,0,0,0,0,0
020639,0,0,0,0,0
020640,0,0,0,0,0
020641,0,0,0,0,0
020642,0,0,0,0,0
020643,0,0,0,0,0
020644,0,0,0,0,0
020645,0,0,0,0,0
020646,0,0,0,0,0
020647,0,0,0,0,0
020648,0,0,0,0,0
020649,0,0,0,0,0
020650,0,0,0,0,0
020651,0,0,0,0,0
020652,0,0,0,0,0
020653,0,0,0,0,0
020654,0,0,0,0,0
020655,1,0,0,0,0
020656,0,0,0,0,0
020657,0,0,0,0,0
020658,0,0,0,0,0
020659,0,0,0,0,0
020660,0,0,0,0,0
020661,0,0,0,0,0
020662,0,0,0,0,0
020663,0,0,0,0,0
020664,0,0,0,0,0
020665,0,0,0,0,0
020666,0,0,0,0,0
020667,0,0,0,0,0
020668,0,0,0,0,0
020669,0,0,0,0,0
020670,0,0,0,0,0
020671,0,0,0,0,0
020672,0,0,0,0,0
020673,0,0,0,0,0
020674,0,0,0,0,0
020675,0,0,0,0,0
020676,0,0,0,0,0
020677,0,0,0,0,0
020678,0,0,0,0,0
020679,0,0,0,0,0
020680,0,0,0,0,0
020681,0,0,0,0,0
020682,0,0,0,0,0
020683,0,0,0,0,0
020684,0,0,0,0,0
020685,0,0,0,0,0
020686,0,0,0,0,0
020687,0,0,0,0,0
020688,1,0,0,0,0
020689,0,0,0,0,0
020690,0,0,0,0,0
020691,0,0,0,0,0
020692,0,0,0,0,0
020693,0,0,0,0,0
020694,0,0,0,0,0
020695,0,0,0,0,0
020696,0,0,0,0,0
020697,0,0,0,0,0
020698,0,0,0,0,0
020699,0,0,0,0,0
020700,0,0,0,0,0
020701,0,0,0,0,0
020702,0,0,0,0,0
020703,0,0,0,0,0
020704,1,0,0,0,0
020705,0,0,0,0,0
020706,0,0,0,0,0
020707,0,0,0,0,0
020708,0,0,0,0,0
020709,0,0,0,0,0
020710,0,0,0,0,0
020711,0,0,0,0,0
020712,0,0,0,0,0
020713,0,0,0,0,0
020714,0,0,0,0,0
020715,0,0,0,0,0
020716,0,0,0,0,0
020717,0,0,0,0,0
020718,0,0,0,0,0
020719,0,0,0,0,0
020720,0,0,0,0,0
020721,0,0,0,0,0
020722,0,0,0,0,0
020723,0,0,0,0,0
020724,0,0,0,0,0
020725,0,0,0,0,0
020726,0,0,0,0,0
020727,0,0,0,0,0
020728,0,0,0,0,0
020729,0,0,0,0,0
020730,0,0,0,0,0
020731,0,0,0,0,0
020732,1,0,0,0,0
020733,0,0,0,0,0
020734,0,0,0,0,0
020735,0,0,0,0,0
020736,0,0,0,0,0
020737,1,0,0,0,0
020738,0,0,0,0,0
020739,0,0,0,0,0
020740,0,0,0,0,0
020741,0,0,0,0,0
020742,0,0,0,0,0
020743,0,0,0,0,0
020744,0,0,0,0,0
020745,0,0,0,0,0
020746,1,0,0,0,0
020747,0,0,0,0,0
020748,0,0,0,0,0
020749,0,0,0,0,0
020750,0,0,0,0,0
020751,0,0,0,0,0
020752,0,0,0,0,0
020753,0,0,0,0,0
020754,0,0,0,0,0
020755,0,0,0,0,0
020756,0,0,0,0,0
020757,0,0,0,0,0
020758,0,0,0,0,0
020759,0,0,0,0,0
020760,0,0,0,0,0
020761,0,0,0,0,0
020762,0,0,0,0,0
020763,0,0,0,0,0
020764,0,0,0,0,0
020765,0,0,0,0,0
020766,1,0,0,0,0
020767,0,0,0,0,0
020768,0,0,0,0,0
020769,0,0,0,0,0
020770,0,0,0,0,0
020771,0,0,0,0,0
020772,0,0,0,0,0
020773,0,0,0,0,0
020774,0,0,0,0,0
020775,0,0,0,0,0
020776,0,0,0,0,0
020777,0,0,0,0,0
020778,0,0,0,0,0
020779,0,0,0,0,0
020780,0,0,0,0,0
020781,1,0,0,0,0
020782,0,0,0,0,0
020783,0,0,0,0,0
020784,0,0,0,0,0
020785,0,0,0,0,0
020786,0,0,0,0,0
020787,0,0,0,0,0
020788,0,0,0,0,0
020789,0,0,0,0,0
020790,0,0,0,0,0
020791,0,0,0,0,0
020792,0,0,0,0,0
020793,0,0,0,0,0
020794,0,0,0,0,0
020795,0,0,0,0,0
020796,0,0,0,0,0
020797,0,0,0,0,0
020798,0,0,0,0,0
020799,0,0,0,0,0
020800,0,0,0,0,0
020801,0,0,0,0,0
020802,0,0,0,0,0
020803,0,0,0,0,0
020804,0,0,0,0,0
020805,0,0,0,0,0
020806,0,0,0,0,0
020807,0,0,0,0,0
020808,0,0,0,0,0
020809,0,0,0,0,0
020810,0,0,0,0,0
020811,0,0,0,0,0
020812,0,0,0,0,0
020813,0,0,0,0,0
020814,0,0,0,0,0
020815,0,0,0,0,0
020816,0,0,0,0,0
020817,0,0,0,0,0
020818,0,0,0,0,0
020819,0,0,0,0,0
020820,0,0,0,0,0
020821,0,0,0,0,0
020822,0,0,0,0,0
020823,0,0,0,0,0
020824,0,0,0,0,0
020825,1,0,0,0,0
020826,0,0,0,0,0
020827,0,0,0,0,0
020828,0,0,0,0,0
020829,0,0,0,0,0
020830,0,0,0,0,0
020831,0,0,0,0,0
020832,0,0,0,0,0
020833,0,0,0,0,0
020834,0,0,0,0,0
020835,1,0,0,0,0
020836,0,0,0,0,0
020837,0,0,0,0,0
020838,0,0,0,0,0
020839,0,0,0,0,0
020840,0,0,0,0,0
020841,0,0,0,0,0
020842,0,0,0,0,0
020843,0,0,0,0,0
020844,0,0,0,0,0
020845,0,0,0,0,0
020846,0,0,0,0,0
020847,0,0,0,0,0
020848,0,0,0,0,0
020849,0,0,0,0,0
020850,0,0,0,0,0
020851,0,0,0,0,0
020852,0,0,0,0,0
020853,0,0,0,0,0
020854,0,0,0,0,0
020855,0,0,0,0,0
020856,0,0,0,0,0
020857,0,0,0,0,0
020858,0,0,0,0,0
020859,0,0,0,0,0
020860,0,0,0,0,0
020861,0,0,0,0,0
020862,0,0,0,0,0
020863,0,0,0,0,0
020864,0,0,0,0,0
020865,0,0,0,0,0
020866,0,0,0,0,0
020867,0,0,0,0,0
020868,0,0,0,0,0
020869,0,0,0,0,0
020870,0,0,0,0,0
020871,0,0,0,0,0
020872,0,0,0,0,0
020873,0,0,0,0,0
020874,0,0,0,0,0
020875,0,0,0,0,0
020876,0,0,0,0,0
020877,0,0,0,0,0
020878,0,0,0,0,0
020879,0,0,0,0,0
020880,0,0,0,0,0
020881,0,0,0,0,0
020882,0,0,0,0,0
020883,0,0,0,0,0
020884,0,0,0,0,0
020885,0,0,0,0,0
020886,0,0,0,0,0
020887,0,0,0,0,0
020888,0,0,0,0,0
020889,0,0,0,0,0
020890,0,0,0,0,0
020891,0,0,0,0,0
020892,0,0,0,0,0
020893,0,0,0,0,0
020894,0,0,0,0,0
020895,0,0,0,0,0
020896,0,0,0,0,0
020897,0,0,0,0,0
020898,0,0,0,0,0
020899,0,0,0,0,0
020900,0,0,0,0,0
020901,0,0,0,0,0
020902,1,0,0,0,0
020903,0,0,0,0,0
020904,0,0,0,0,0
020905,0,0,0,0,0
020906,0,0,0,0,0
020907,0,0,0,0,0
020908,0,0,0,0,0
020909,0,0,0,0,0
020910,0,0,0,0,0
020911,0,0,0,0,0
020912,0,0,0,0,0
020913,0,0,0,0,0
020914,0,0,0,0,0
020915,0,0,0,0,0
020916,0,0,0,0,0
020917,0,0,0,0,0
020918,0,0,0,0,0
020919,0,0,0,0,0
020920,0,0,0,0,0
020921,0,0,0,0,0
020922,0,0,0,0,0
020923,0,0,0,0,0
020924,0,0,0,0,0
020925,0,0,0,0,0
020926,0,0,0,0,0
020927,0,0,0,0,0
020928,0,0,0,0,0
020929,0,0,0,0,0
020930,0,0,0,0,0
020931,0,0,0,0,0
020932,0,0,0,0,0
020933,0,0,0,0,0
020934,0,0,0,0,0
020935,0,0,0,0,0
020936,0,0,0,0,0
020937,0,0,0,0,0
020938,0,0,0,0,0
020939,0,0,0,0,0
020940,0,0,0,0,0
020941,0,0,0,0,0
020942,0,0,0,0,0
020943,0,0,0,0,0
020944,0,0,0,0,0
020945,0,0,0,0,0
020946,0,0,0,0,0
020947,0,0,0,0,0
020948,0,0,0,0,0
020949,0,0,0,0,0
020950,0,0,0,0,0
020951,0,0,0,0,0
020952,0,0,0,0,0
020953,0,0,0,0,0
020954,0,0,0,0,0
020955,0,0,0,0,0
020956,0,0,0,0,0
020957,0,0,0,0,0
020958,0,0,0,0,0
020959,0,0,0,0,0
020960,0,0,0,0,0
020961,0,0,0,0,0
020962,0,0,0,0,0
020963,0,0,0,0,0
020964,0,0,0,0,0
020965,0,0,0,0,0
020966,0,0,0,0,0
020967,0,0,0,0,0
020968,0,0,0,0,0
020969,0,0,0,0,0
020970,0,0,0,0,0
020971,0,0,0,0,0
020972,0,0,0,0,0
020973,0,0,0,0,0
020974,0,0,0,0,0
020975,0,0,0,0,0
020976,0,0,0,0,0
020977,0,0,0,0,0
020978,0,0,0,0,0
020979,0,0,0,0,0
020980,0,0,0,0,0
020981,0,0,0,0,0
020982,0,0,0,0,0
020983,0,0,0,0,0
020984,0,0,0,0,0
020985,0,0,0,0,0
020986,0,0,0,0,0
020987,0,0,0,0,0
020988,0,0,0,0,0
020989,0,0,0,0,0
020990,0,0,0,0,0
020991,0,0,0,0,0
020992,0,0,0,0,0
020993,0,0,0,0,0
020994,0,0,0,0,0
020995,0,0,0,0,0
020996,0,0,0,0,0
020997,0,0,0,0,0
020998,0,0,0,0,0
020999,0,0,0,0,0
021000,0,0,0,0,0
021001,0,0,0,0,0
021002,0,0,0,0,0
021003,0,0,0,0,0
021004,0,0,0,0,0
021005,0,0,0,0,0
021006,0,0,0,0,0
021007,0,0,0,0,0
021008,0,0,0,0,0
021009,0,0,0,0,0
021010,0,0,0,0,0
021011,0,0,0,0,0
021012,0,0,0,0,0
021013,0,0,0,0,0
021014,0,0,0,0,0
021015,0,0,0,0,0
021016,0,0,0,0,0
021017,0,0,0,0,0
021018,0,0,0,0,0
021019,0,0,0,0,0
021020,0,0,0,0,0
021021,0,0,0,0,0
021022,0,0,0,0,0
021023,0,0,0,0,0
021024,0,0,0,0,0
021025,0,0,0,0,0
021026,0,0,0,0,0
021027,0,0,0,0,0
021028,0,0,0,0,0
021029,0,0,0,0,0
021030,0,0,0,0,0
021031,0,0,0,0,0
021032,0,0,0,0,0
021033,0,0,0,0,0
021034,0,0,0,0,0
021035,0,0,0,0,0
021036,0,0,0,0,0
021037,1,0,0,0,0
021038,0,0,0,0,0
021039,0,0,0,0,0
021040,0,0,0,0,0
021041,0,0,0,0,0
021042,0,0,0,0,0
021043,0,0,0,0,0
021044,0,0,0,0,0
021045,0,0,0,0,0
021046,0,0,0,0,0
021047,0,0,0,0,0
021048,0,0,0,0,0
021049,0,0,0,0,0
021050,0,0,0,0,0
021051,0,0,0,0,0
021052,0,0,0,0,0
021053,0,0,0,0,0
021054,0,0,0,0,0
021055,0,0,0,0,0
021056,1,0,0,0,0
021057,0,0,0,0,0
021058,0,0,0,0,0
021059,0,0,0,0,0
021060,0,0,0,0,0
021061,0,0,0,0,0
021062,0,0,0,0,0
021063,0,0,0,0,0
021064,0,0,0,0,0
021065,0,0,0,0,0
021066,0,0,0,0,0
021067,0,0,0,0,0
021068,0,0,0,0,0
021069,0,0,0,0,0
021070,0,0,0,0,0
021071,0,0,0,0,0
021072,0,0,0,0,0
021073,0,0,0,0,0
021074,0,0,0,0,0
021075,0,0,0,0,0
021076,1,0,0,0,0
021077,0,0,0,0,0
021078,0,0,0,0,0
021079,0,0,0,0,0
021080,0,0,0,0,0
021081,0,0,0,0,0
021082,0,0,0,0,0
021083,0,0,0,0,0
021084,0,0,0,0,0
021085,0,0,0,0,0
021086,0,0,0,0,0
021087,0,0,0,0,0
021088,0,0,0,0,0
021089,0,0,0,0,0
021090,0,0,0,0,0
021091,0,0,0,0,0
021092,0,0,0,0,0
021093,0,0,0,0,0
021094,0,0,0,0,0
021095,0,0,0,0,0
021096,0,0,0,0,0
021097,0,0,0,0,0
021098,0,0,0,0,0
021099,0,0,0,0,0
021100,0,0,0,0,0
021101,0,0,0,0,0
021102,0,0,0,0,0
021103,0,0,0,0,0
021104,0,0,0,0,0
021105,0,0,0,0,0
021106,0,0,0,0,0
021107,0,0,0,0,0
021108,0,0,0,0,0
021109,0,0,0,0,0
021110,0,0,0,0,0
021111,0,0,0,0,0
021112,0,0,0,0,0
021113,0,0,0,0,0
021114,0,0,0,0,0
021115,0,0,0,0,0
021116,0,0,0,0,0
021117,0,0,0,0,0
021118,0,0,0,0,0
021119,0,0,0,0,0
021120,0,0,0,0,0
021121,0,0,0,0,0
021122,0,0,0,0,0
021123,0,0,0,0,0
021124,0,0,0,0,0
021125,0,0,0,0,0
021126,0,0,0,0,0
021127,0,0,0,0,0
021128,0,0,0,0,0
021129,0,0,0,0,0
021130,0,0,0,0,0
021131,0,0,0,0,0
021132,0,0,0,0,0
021133,0,0,0,0,0
021134,0,0,0,0,0
021135,0,0,0,0,0
021136,0,0,0,0,0
021137,0,0,0,0,0
021138,0,0,0,0,0
021139,0,0,0,0,0
021140,0,0,0,0,0
021141,0,0,0,0,0
021142,0,0,0,0,0
021143,0,0,0,0,0
021144,0,0,0,0,0
021145,0,0,0,0,0
021146,0,0,0,0,0
021147,0,0,0,0,0
021148,0,0,0,0,0
021149,0,0,0,0,0
021150,0,0,0,0,0
021151,0,0,0,0,0
021152,0,0,0,0,0
021153,0,0,0,0,0
021154,0,0,0,0,0
021155,0,0,0,0,0
021156,0,0,0,0,0
021157,0,0,0,0,0
021158,0,0,0,0,0
021159,0,0,0,0,0
021160,0,0,0,0,0
021161,0,0,0,0,0
021162,0,0,0,0,0
021163,0,0,0,0,0
021164,0,0,0,0,0
021165,0,0,0,0,0
021166,0,0,0,0,0
021167,0,0,0,0,0
021168,0,0,0,0,0
021169,0,0,0,0,0
021170,0,0,0,0,0
021171,0,0,0,0,0
021172,0,0,0,0,0
021173,1,0,0,0,0
021174,0,0,0,0,0
021175,0,0,0,0,0
021176,0,0,0,0,0
021177,0,0,0,0,0
021178,0,0,0,0,0
021179,0,0,0,0,0
021180,0,0,0,0,0
021181,0,0,0,0,0
021182,0,0,0,0,0
021183,0,0,0,0,0
021184,0,0,0,0,0
021185,0,0,0,0,0
021186,0,0,0,0,0
021187,0,0,0,0,0
021188,0,0,0,0,0
021189,0,0,0,0,0
021190,0,0,0,0,0
021191,0,0,0,0,0
021192,0,0,0,0,0
021193,0,0,0,0,0
021194,0,0,0,0,0
021195,0,0,0,0,0
021196,0,0,0,0,0
021197,0,0,0,0,0
021198,0,0,0,0,0
021199,0,0,0,0,0
021200,0,0,0,0,0
021201,0,0,0,0,0
021202,0,0,0,0,0
021203,0,0,0,0,0
021204,0,0,0,0,0
021205,0,0,0,0,0
021206,0,0,0,0,0
021207,0,0,0,0,0
021208,0,0,0,0,0
021209,0,0,0,0,0
021210,0,0,0,0,0
021211,0,0,0,0,0
021212,0,0,0,0,0
021213,0,0,0,0,0
021214,0,0,0,0,0
021215,0,0,0,0,0
021216,0,0,0,0,0
021217,0,0,0,0,0
021218,0,0,0,0,0
021219,0,0,0,0,0
021220,0,0,0,0,0
021221,0,0,0,0,0
021222,0,0,0,0,0
021223,1,0,0,0,0
021224,0,0,0,0,0
021225,0,0,0,0,0
021226,0,0,0,0,0
021227,0,0,0,0,0
021228,0,0,0,0,0
021229,0,0,0,0,0
021230,0,0,0,0,0
021231,0,0,0,0,0
021232,0,0,0,0,0
021233,0,0,0,0,0
021234,0,0,0,0,0
021235,0,0,0,0,0
021236,0,0,0,0,0
021237,0,0,0,0,0
021238,0,0,0,0,0
021239,0,0,0,0,0
021240,0,0,0,0,0
021241,0,0,0,0,0
021242,0,0,0,0,0
021243,1,0,0,0,1
021244,1,0,0,0,0
021245,1,0,0,0,0
021246,0,0,0,0,0
021247,0,0,0,0,0
021248,0,0,0,0,0
021249,0,0,0,0,0
021250,1,0,0,0,0
021251,0,0,0,0,0
021252,0,0,0,0,0
021253,0,0,0,0,0
021254,0,0,0,0,0
021255,0,0,0,0,0
021256,1,0,0,0,0
021257,0,0,0,0,0
021259,0,0,0,0,0
021260,0,0,0,0,0
021261,0,0,0,0,0
021262,0,0,0,0,0
021263,0,0,0,0,0
021264,0,0,0,0,0
021265,0,0,0,0,0
021266,0,0,0,0,0
021267,0,0,0,0,0
021268,0,0,0,0,0
021269,0,0,0,0,0
021270,0,0,0,0,0
021271,0,0,0,0,0
021272,0,0,0,0,0
021273,0,0,0,0,0
021274,0,0,0,0,0
021276,0,0,0,0,0
021277,0,0,0,0,0
021278,0,0,0,0,0
021279,0,0,0,0,0
021280,1,0,0,0,0
021281,0,0,0,0,0
021282,0,0,0,0,0
021283,0,0,0,0,0
021284,0,0,0,0,0
021285,0,0,0,0,0
021286,0,0,0,0,0
021287,0,0,0,0,0
021288,0,0,0,0,0
021289,0,0,0,0,0
021290,0,0,0,0,0
021291,0,0,0,0,0
021292,0,0,0,0,0
021293,0,0,0,0,0
021294,0,0,0,0,0
021295,0,0,0,0,0
021296,0,0,0,0,0
021297,0,0,0,0,0
021298,1,0,0,0,1
021299,0,0,0,0,0
021300,0,0,0,0,0
021301,0,0,0,0,0
021302,0,0,0,0,0
021303,0,0,0,0,0
021304,0,0,0,0,0
021305,0,0,0,0,0
021306,0,0,0,0,0
021307,0,0,0,0,0
021308,0,0,0,0,0
021309,0,0,0,0,0
021310,0,0,0,0,0
021311,0,0,0,0,0
021312,1,0,0,0,0
021313,0,0,0,0,0
021314,0,0,0,0,0
021315,0,0,0,0,0
021316,0,0,0,0,0
021317,0,0,0,0,0
021318,0,0,0,0,0
021319,0,0,0,0,0
021320,0,0,0,0,0
021321,0,0,0,0,0
021322,0,0,0,0,0
021323,0,0,0,0,0
021324,0,0,0,0,0
021325,0,0,0,0,0
021326,0,0,0,0,0
021327,0,0,0,0,0
021328,0,0,0,0,0
021329,0,0,0,0,0
021330,0,0,0,0,0
021331,0,0,0,0,0
021332,0,0,0,0,0
021333,0,0,0,0,0
021334,0,0,0,0,0
021335,0,0,0,0,0
021336,0,0,0,0,0
021337,0,0,0,0,0
021338,0,0,0,0,0
021339,0,0,0,0,0
021340,0,0,0,0,0
021341,0,0,0,0,0
021342,0,0,0,0,0
021343,0,0,0,0,0
021344,0,0,0,0,0
021345,0,0,0,0,0
021346,0,0,0,0,0
021347,0,0,0,0,0
021348,0,0,0,0,0
021349,0,0,0,0,0
021350,0,0,0,0,0
021351,0,0,0,0,0
021352,0,0,0,0,0
021353,0,0,0,0,0
021354,0,0,0,0,0
021355,0,0,0,0,0
021356,0,0,0,0,0
021357,0,0,0,0,0
021358,0,0,0,0,0
021359,0,0,0,0,0
021360,0,0,0,0,0
021361,0,0,0,0,0
021362,0,0,0,0,0
021363,0,0,0,0,0
021364,0,0,0,0,0
021365,0,0,0,0,0
021366,0,0,0,0,0
021367,0,0,0,0,0
021368,0,0,0,0,0
021369,0,0,0,0,0
021370,0,0,0,0,0
021371,0,0,0,0,0
021372,0,0,0,0,0
021373,0,0,0,0,0
021374,0,0,0,0,0
021375,1,0,0,0,0
021376,0,0,0,0,0
021377,0,0,0,0,0
021378,0,0,0,0,0
021379,0,0,0,0,0
021380,0,0,0,0,0
021381,0,0,0,0,0
021382,0,0,0,0,0
021383,0,0,0,0,0
021389,0,0,0,0,0
021390,0,0,0,0,0
021391,0,0,0,0,0
021392,0,0,0,0,0
021393,0,0,0,0,0
021394,0,0,0,0,0
021395,0,0,0,0,0
021396,0,0,0,0,0
021397,0,0,0,0,0
021398,0,0,0,0,0
021399,0,0,0,0,0
021400,0,0,0,0,0
021407,0,0,0,0,0
021408,1,0,0,0,0
021409,0,0,0,0,0
021410,0,0,0,0,0
021411,0,0,0,0,0
021412,0,0,0,0,0
021413,0,0,0,0,0
021414,0,0,0,0,0
021415,0,0,0,0,0
021416,0,0,0,0,0
021417,0,0,0,0,0
021418,0,0,0,0,0
021419,0,0,0,0,0
021420,0,0,0,0,0
021421,0,0,0,0,0
021422,0,0,0,0,0
021423,0,0,0,0,0
021424,1,0,0,0,0
021425,0,0,0,0,0
021426,0,0,0,0,0
021427,0,0,0,0,0
021428,0,0,0,0,0
021429,0,0,0,0,0
021430,0,0,0,0,0
021431,0,0,0,0,0
021432,0,0,0,0,0
021433,0,0,0,0,0
021434,0,0,0,0,0
021435,0,0,0,0,0
021436,0,0,0,0,0
021437,0,0,0,0,0
021438,0,0,0,0,0
021439,0,0,0,0,0
021440,0,0,0,0,0
021441,0,0,0,0,0
021442,0,0,0,0,0
021443,0,0,0,0,0
021444,0,0,0,0,0
021445,0,0,0,0,0
021446,0,0,0,0,0
021447,0,0,0,0,0
021448,0,0,0,0,0
021449,0,0,0,0,0
021450,0,0,0,0,0
021451,0,0,0,0,0
021452,0,0,0,0,0
021453,0,0,0,0,0
021454,0,0,0,0,0
021455,0,0,0,0,0
021456,0,0,0,0,0
021457,0,0,0,0,0
021458,0,0,0,0,0
021459,0,0,0,0,0
021460,0,0,0,0,0
021461,0,0,0,0,0
021462,0,0,0,0,0
021463,0,0,0,0,0
021464,0,0,0,0,0
021465,0,0,0,0,0
021466,0,0,0,0,0
021467,0,0,0,0,0
021468,0,0,0,0,0
021469,0,0,0,0,0
021470,0,0,0,0,0
021471,0,0,0,0,0
021472,0,0,0,0,0
021473,0,0,0,0,0
021474,0,0,0,0,0
021475,0,0,0,0,0
021476,0,0,0,0,0
021477,0,0,0,0,
021478,0,0,0,0,0
021479,0,0,0,0,0
021480,0,0,0,0,0
021481,0,0,0,0,0
021482,0,0,0,0,0
021483,0,0,0,0,0
021484,0,0,0,0,0
021485,0,0,0,0,0
021486,0,0,0,0,0
021487,0,0,0,0,0
021488,1,0,0,0,0
021489,0,0,0,0,0
021490,0,0,0,0,0
021491,0,0,0,0,0
021492,0,0,0,0,0
021493,0,0,0,0,0
021494,0,0,0,0,0
021495,0,0,0,0,0
021496,0,0,0,0,0
021497,0,0,0,0,0
021498,0,0,0,0,0
021499,0,0,0,0,0
021500,0,0,0,0,0
021501,0,0,0,0,0
021502,0,0,0,0,0
021503,0,0,0,0,0
021504,0,0,0,0,0
021505,0,0,0,0,0
021506,0,0,0,0,0
021507,0,0,0,0,0
021508,1,0,1,1,0
021509,0,0,0,0,0
021510,0,0,0,0,0
021511,0,0,0,0,0
021512,0,0,0,0,0
021513,1,0,0,0,0
021514,0,0,0,0,0
021515,0,0,0,0,0
021516,0,0,0,0,0
021517,0,0,0,0,0
021518,0,0,0,0,0
021519,0,0,0,0,0
021520,0,0,0,0,0
021521,0,0,0,0,0
021522,0,0,0,0,0
021523,0,0,0,0,0
021524,0,0,0,0,0
021525,0,0,0,0,0
021526,0,0,0,0,0
021527,0,0,0,0,0
021528,0,0,0,0,0
021529,0,0,0,0,0
021530,0,0,0,0,0
021531,0,0,0,0,0
021532,0,0,0,0,0
021533,0,0,0,0,0
021534,0,0,0,0,0
021535,0,0,0,0,0
021536,0,0,0,0,0
021537,0,0,0,0,0
021538,0,0,0,0,0
021539,0,0,0,0,0
021540,0,0,0,0,0
021541,0,0,0,0,0
021542,0,0,0,0,0
021543,0,0,0,0,0
021544,0,0,0,0,0
021545,0,0,0,0,0
021546,0,0,0,0,0
021547,0,0,0,0,0
021548,0,0,0,0,0
021549,0,0,0,0,0
021550,0,0,0,1,0
021551,0,0,0,0,0
021552,0,0,0,0,0
021553,0,0,0,0,0
021554,0,0,0,0,0
021555,1,0,0,0,0
021556,0,0,0,0,0
021557,0,0,0,0,0
021558,0,0,0,0,0
021559,0,0,0,0,0
021560,0,0,0,0,0
021561,0,0,0,0,0
021562,0,0,0,0,0
021563,0,0,0,0,0
021564,0,0,0,0,0
021565,0,0,0,0,0
021566,0,0,0,0,0
021567,0,0,0,0,0
021568,0,0,0,0,0
021569,0,0,0,0,0
021570,0,0,0,0,0
021571,0,0,0,0,0
021572,1,0,0,0,0
021573,0,0,0,0,0
021574,0,0,0,0,0
021575,0,0,0,0,0
021576,1,0,0,0,0
021577,0,0,0,0,0
021578,0,0,0,0,0
021579,0,0,0,0,0
021580,0,0,0,0,0
021581,0,0,0,0,0
021582,0,0,0,0,0
021583,0,0,0,0,0
021584,0,0,0,0,0
021585,0,0,0,0,0
021586,0,0,0,0,0
021587,0,0,0,0,0
021588,1,0,1,1,0
021589,0,0,0,0,0
021590,0,0,0,0,0
021591,0,0,0,0,0
021592,1,0,0,0,0
021593,0,0,0,0,0
021594,0,0,0,0,0
021595,0,0,0,0,0
021596,0,0,0,0,0
021597,0,0,0,0,0
021598,0,0,0,0,0
021599,0,0,0,0,0
021600,0,0,0,0,0
021601,0,0,0,0,0
021602,0,0,0,0,0
021603,0,0,0,0,0
021604,0,0,0,0,0
021605,0,0,0,0,0
021606,0,0,0,0,0
021607,0,0,0,0,0
021608,0,0,0,0,0
021609,0,0,0,0,0
021610,0,0,0,0,0
021611,0,0,0,0,0
021612,0,0,0,0,0
021613,0,0,0,0,0
021614,0,0,0,0,0
021615,0,0,0,0,0
021616,0,0,0,0,0
021617,0,0,0,0,0
021618,1,0,0,0,0
021619,0,0,0,0,0
021620,0,0,0,0,0
021621,0,0,0,0,0
021622,0,0,0,0,0
021623,0,0,0,0,0
021624,0,0,0,0,0
021625,0,0,0,0,0
021626,0,0,0,0,0
021627,0,0,0,0,0
021628,0,0,0,0,0
021629,0,0,0,0,0
021630,0,0,0,0,0
021631,1,0,0,0,0
021632,0,0,0,0,0
021633,0,0,0,0,0
021634,0,0,0,0,0
021635,1,0,0,0,1
021636,0,0,0,0,0
021637,0,0,0,0,0
021638,0,0,0,0,0
021639,0,0,0,0,0
021640,0,0,0,0,0
021641,0,0,0,0,0
021642,1,0,0,0,0
021643,0,0,0,0,0
021644,0,0,0,0,0
021645,0,0,0,0,0
021646,0,0,0,0,0
021647,0,0,0,0,0
021648,0,0,0,0,0
021649,0,0,0,0,0
021650,0,0,0,0,0
021651,0,0,0,0,0
021652,0,0,0,0,0
021653,0,0,0,0,0
021654,0,0,0,0,0
021655,0,0,0,0,0
021656,0,0,0,0,0
021657,0,0,0,0,0
021658,0,0,0,0,0
021659,0,0,0,0,0
021660,0,0,0,0,0
021661,0,0,0,0,0
021662,0,0,0,0,0
021663,0,0,0,0,0
021664,0,0,0,0,0
021665,0,0,0,0,0
021666,0,0,0,0,0
021667,0,0,0,0,0
021668,0,0,0,0,0
021669,0,0,0,0,0
021670,0,0,0,0,0
021671,0,0,0,0,0
021672,0,0,0,0,0
021673,1,0,0,0,0
021674,0,0,0,0,0
021675,0,0,0,0,0
021676,0,0,0,0,0
021677,0,0,0,0,0
021678,0,0,0,0,0
021679,0,0,0,0,0
021680,0,0,0,0,0
021681,0,0,0,0,0
021682,0,0,0,0,0
021683,0,0,0,0,0
021684,0,0,0,0,0
021685,0,0,0,0,0
021686,0,0,0,0,0
021687,0,0,0,0,0
021688,0,0,0,0,0
021689,0,0,0,0,0
021690,1,0,0,0,0
021691,0,0,0,0,0
021692,0,0,0,0,0
021693,0,0,0,0,0
021694,0,0,0,0,0
021695,0,0,0,0,0
021696,1,0,0,1,1
021697,0,0,0,0,0
021698,0,0,0,0,0
021699,0,0,0,0,0
021700,0,0,0,0,0
021701,0,0,0,0,0
021702,0,0,0,0,0
021703,0,0,0,0,0
021704,0,0,0,0,0
021705,0,0,0,0,0
021706,0,0,0,0,0
021707,0,0,0,0,0
021708,0,0,0,0,0
021709,0,0,0,0,0
021710,0,0,0,0,0
021711,0,0,0,0,0
021712,0,0,0,0,0
021713,0,0,0,0,0
021714,0,0,0,0,0
021715,0,0,0,0,0
021716,0,0,0,0,0
021717,0,0,0,0,0
021718,0,0,0,0,0
021719,0,0,0,0,0
021720,0,0,0,0,0
021721,0,0,0,0,0
021722,1,0,1,1,0
021723,0,0,0,0,0
021724,0,0,0,0,0
021725,0,0,0,0,0
021726,0,0,0,0,0
021727,0,0,0,0,0
021728,1,0,0,0,0
021729,0,0,0,0,0
021730,0,0,0,0,0
021731,0,0,0,0,0
021732,0,0,0,0,0
021733,0,0,0,0,0
021734,0,0,0,0,0
021735,0,0,0,0,0
021736,0,0,0,0,0
021737,1,0,0,0,0
021738,0,0,0,0,0
021739,0,0,0,0,0
021740,0,0,0,0,0
021741,1,0,0,0,0
021742,1,0,0,0,0
021743,0,0,0,0,0
021744,0,0,0,0,0
021745,1,0,0,0,0
021746,0,0,0,0,0
021747,0,0,0,0,0
021748,1,0,0,0,1
021749,0,0,0,0,0
021750,0,0,0,0,0
021751,0,0,0,0,0
021752,0,0,0,0,0
021753,0,0,0,0,0
021754,0,0,0,0,0
021755,0,0,0,0,0
021756,0,0,0,0,0
021757,0,0,0,0,0
021758,0,0,0,0,0
021759,0,0,0,0,0
021760,0,0,0,0,0
021761,0,0,0,0,0
021762,0,0,0,0,0
021763,0,0,0,0,0
021764,0,0,0,0,0
021765,0,0,0,0,0
021766,0,0,0,0,0
021767,0,0,0,0,0
021768,0,0,0,0,0
021769,0,0,0,0,0
021770,0,0,0,0,0
021771,0,0,0,0,0
021772,0,0,0,0,0
021773,0,0,0,0,0
021774,0,0,0,0,0
021775,0,0,0,0,0
021776,0,0,0,0,0
021777,0,0,0,0,0
021778,0,0,0,0,0
021779,0,0,0,0,0
021780,0,0,0,0,0
021781,0,0,0,0,0
021782,1,0,0,1,0
021783,0,0,0,0,0
021784,0,0,0,0,0
021785,0,0,0,0,0
021786,0,0,0,0,0
021787,0,0,0,0,0
021788,0,0,0,0,0
021789,0,0,0,0,0
021790,0,0,0,0,0
021791,0,0,0,0,0
021792,0,0,0,0,0
021793,0,0,0,0,0
021794,0,0,0,0,0
021795,0,0,0,0,0
021796,0,0,0,0,0
021797,0,0,0,0,0
021798,0,0,0,0,0
021799,0,0,0,0,0
021800,0,0,0,0,0
021801,0,0,0,0,0
021802,0,0,0,0,0
021803,0,0,0,0,0
021804,0,0,0,0,0
021805,0,0,0,0,0
021806,0,0,0,0,0
021807,0,0,0,0,0
021808,0,0,0,0,0
021809,0,0,0,0,0
021810,0,0,0,0,0
021811,0,0,0,0,0
021812,0,0,0,0,0
021813,0,0,0,0,0
021814,0,0,0,0,0
021815,0,0,0,0,0
021816,0,0,0,0,0
021817,0,0,0,0,0
021818,0,0,0,0,0
021819,0,0,0,0,0
021820,0,0,0,0,0
021821,0,0,0,0,0
021822,0,0,0,0,0
021823,0,0,0,0,0
021824,0,0,0,0,0
021825,0,0,0,0,0
021826,0,0,0,0,0
021827,0,0,0,0,0
021828,0,0,0,0,0
021829,0,0,0,0,0
021830,0,0,0,0,0
021831,0,0,0,0,0
021832,0,0,0,0,0
021833,0,0,0,0,0
021834,0,0,0,0,0
021835,0,0,0,0,0
021836,0,0,0,0,0
021837,0,0,0,0,0
021838,0,0,0,0,0
021839,0,0,0,0,0
021840,0,0,0,0,0
021841,0,0,0,0,0
021842,0,0,0,0,0
021843,0,0,0,0,0
021844,0,0,0,0,0
021845,0,0,0,0,0
021846,0,0,0,0,0
021847,0,0,0,0,0
021848,0,0,0,0,0
021849,0,0,0,0,0
021850,0,0,0,0,0
021851,0,0,0,0,0
021852,0,0,0,0,0
021853,0,0,0,0,0
021854,0,0,0,0,0
021855,0,0,0,0,0
021856,0,0,0,0,0
021857,0,0,0,0,0
021858,0,0,0,0,0
021859,0,0,0,0,0
021860,0,0,0,0,0
021861,0,0,0,0,0
021862,0,0,0,0,0
021863,0,0,0,0,0
021864,0,0,0,0,0
021865,0,0,0,0,0
021866,0,0,0,0,0
021867,0,0,0,0,0
021868,0,0,0,0,0
021869,0,0,0,0,0
021870,0,0,0,0,0
021871,0,0,0,0,0
021872,0,0,0,0,0
021873,0,0,0,0,0
021874,0,0,0,0,0
021875,0,0,0,0,0
021876,0,0,0,0,0
021877,1,0,0,0,0
021878,0,0,0,0,0
021879,0,0,0,0,0
021880,0,0,0,0,0
021881,0,0,0,0,0
021882,0,0,0,0,0
021883,0,0,0,0,0
021884,1,0,0,0,0
021885,0,0,0,0,0
021886,0,0,0,0,0
021887,0,0,0,0,0
021888,0,0,0,0,0
021889,0,0,0,0,0
021890,1,0,0,0,0
021891,0,0,0,0,0
021892,0,0,0,0,0
021893,0,0,0,0,0
021894,0,0,0,0,0
021895,0,0,0,0,0
021896,0,0,0,0,0
021897,0,0,0,0,0
021898,0,0,0,0,0
021899,0,0,0,0,0
021900,0,0,0,0,0
021901,0,0,0,0,0
021902,0,0,0,0,0
021903,0,0,0,0,0
021904,0,0,0,0,0
021905,0,0,0,0,0
021906,0,0,0,0,0
021907,0,0,0,0,0
021908,0,0,0,0,0
021909,0,0,0,0,0
021910,0,0,0,0,0
021911,0,0,0,0,0
021912,0,0,0,0,0
021913,1,0,0,0,0
021914,1,0,0,1,0
021915,0,0,0,0,0
021916,0,0,0,0,0
021917,0,0,0,0,0
021918,0,0,0,0,0
021919,0,0,0,0,0
021920,0,0,0,0,0
021921,0,0,0,0,0
021922,0,0,0,0,0
021923,0,0,0,0,0
021924,0,0,0,0,0
021925,0,0,0,0,0
021926,0,0,0,0,0
021927,0,0,0,0,0
021928,0,0,0,0,0
021929,0,0,0,0,0
021930,0,0,0,0,0
021931,0,0,0,0,0
021932,0,0,0,0,0
021933,0,0,0,0,0
021934,0,0,0,0,0
021935,0,0,0,0,0
021936,0,0,0,0,0
021937,0,0,0,0,0
021938,0,0,0,0,0
021939,0,0,0,0,0
021940,0,0,0,0,0
021941,0,0,0,0,0
021942,1,0,0,0,0
021943,0,0,0,0,0
021944,0,0,0,0,0
021945,0,0,0,0,0
021946,1,0,0,0,1
021947,0,0,0,0,0
021948,0,0,0,0,0
021949,0,0,0,0,0
021950,0,0,0,0,0
021951,0,0,0,0,0
021952,0,0,0,0,0
021953,0,0,0,0,0
021954,0,0,0,0,0
021955,0,0,0,0,0
021956,0,0,0,0,0
021957,0,0,0,0,0
021958,0,0,0,0,0
021959,0,0,0,0,0
021960,0,0,0,0,0
021961,0,0,0,0,0
021962,0,0,0,0,0
021963,0,0,0,0,0
021964,0,0,0,0,0
021965,0,0,0,0,0
021966,0,0,0,0,0
021967,0,0,0,0,0
021968,0,0,0,0,0
021969,0,0,0,0,0
021970,0,0,0,0,0
021971,0,0,0,0,0
021972,0,0,0,0,0
021973,1,0,0,0,1
021974,0,0,0,0,0
021975,0,0,0,0,0
021976,0,0,0,0,0
021977,0,0,0,0,0
021978,0,0,0,0,0
021979,0,0,0,0,0
021980,0,0,0,0,0
021981,0,0,0,0,0
021982,0,0,0,0,0
021983,0,0,0,0,0
021984,1,0,0,0,0
021985,0,0,0,0,0
021986,0,0,0,0,0
021987,0,0,0,0,0
021988,0,0,0,0,0
021989,0,0,0,0,0
021990,0,0,0,0,0
021991,0,0,0,0,0
021992,0,0,0,0,0
021993,0,0,0,0,0
021994,0,0,0,0,0
021995,0,0,0,0,0
021996,0,0,0,0,0
021997,0,0,0,0,0
021998,0,0,0,0,0
021999,0,0,0,0,0
022000,0,0,0,0,0
022001,0,0,0,0,0
022002,0,0,0,0,0
022003,0,0,0,0,0
022004,0,0,0,0,0
022005,0,0,0,0,0
022006,0,0,0,0,0
022007,0,0,0,0,0
022008,0,0,0,0,0
022009,0,0,0,0,0
022010,0,0,0,0,0
022011,0,0,0,0,0
022012,0,0,0,0,0
022013,0,0,0,0,0
022014,0,0,0,0,0
022015,0,0,0,0,0
022016,0,0,0,0,0
022017,0,0,0,0,0
022018,0,0,0,0,0
022019,0,0,0,0,0
022020,0,0,0,0,0
022021,0,0,0,0,0
022022,0,0,0,0,0
022023,0,0,0,0,0
022024,0,0,0,0,0
022025,0,0,0,0,0
022026,0,0,0,0,0
022027,0,0,0,0,0
022028,0,0,0,0,0
022029,0,0,0,0,0
022030,0,0,0,0,0
022031,0,0,0,0,0
022032,0,0,0,0,0
022033,0,0,0,0,0
022034,1,0,0,0,0
022035,0,0,0,0,0
022036,0,0,0,0,0
022037,0,0,0,0,0
022038,0,0,0,0,0
022039,0,0,0,0,0
022040,0,0,0,0,0
022041,0,0,0,0,0
022042,0,0,0,0,0
022043,0,0,0,0,0
022044,0,0,0,0,0
022045,0,0,0,0,0
022046,0,0,0,0,0
022047,0,0,0,0,0
022048,0,0,0,0,0
022049,0,0,0,0,0
022050,0,0,0,0,0
022051,0,0,0,0,0
022052,0,0,0,0,0
022053,0,0,0,0,0
022054,0,0,0,0,0
022055,0,0,0,0,0
022056,0,0,0,0,0
022057,0,0,0,0,0
022058,0,0,0,0,0
022059,0,0,0,0,0
022060,0,0,0,0,0
022061,0,0,0,0,0
022062,0,0,0,0,0
022063,0,0,0,0,0
022064,0,0,0,0,0
022065,0,0,0,0,0
022066,0,0,0,0,0
022067,0,0,0,0,0
022068,0,0,0,0,0
022069,0,0,0,0,0
022070,0,0,0,0,0
022071,0,0,0,0,0
022072,0,0,0,0,0
022073,0,0,0,0,0
022074,0,0,0,0,0
022075,0,0,0,0,0
022076,0,0,0,0,0
022077,0,0,0,0,0
022078,0,0,0,0,0
022079,0,0,0,0,0
022080,0,0,0,0,0
022081,0,0,0,0,0
022082,0,0,0,0,0
022083,0,0,0,0,0
022084,0,0,0,0,0
022085,0,0,0,0,0
022086,0,0,0,0,0
022087,0,0,0,0,0
022088,0,0,0,0,0
022089,0,0,0,0,
022090,0,0,0,0,0
022091,0,0,0,0,0
022092,0,0,0,0,0
022093,0,0,0,0,0
022094,0,0,0,0,0
022095,0,0,0,0,0
022096,0,0,0,0,0
022097,0,0,0,0,0
022098,0,0,0,0,0
022099,0,0,0,0,0
022100,0,0,0,0,0
022101,0,0,0,0,0
022102,0,0,0,0,0
022103,0,0,0,0,0
022104,0,0,0,0,0
022105,0,0,0,0,0
022106,0,0,0,0,0
022107,0,0,0,0,0
022108,0,0,0,0,0
022109,0,0,0,0,0
022110,0,0,0,0,0
022111,0,0,0,0,0
022112,0,0,0,0,0
022113,0,0,0,0,0
022114,0,0,0,0,0
022115,0,0,0,0,0
022116,0,0,0,0,0
022117,0,0,0,0,0
022118,0,0,0,0,0
022119,0,0,0,0,0
022120,0,0,0,0,0
022121,0,0,0,0,0
022122,0,0,0,0,0
022123,0,0,0,0,0
022124,0,0,0,0,0
022125,0,0,0,0,0
022126,0,0,0,0,0
022127,0,0,0,0,0
022128,0,0,0,0,0
022129,0,0,0,0,0
022130,0,0,0,0,0
022131,0,0,0,0,0
022132,0,0,0,0,0
022133,1,0,0,0,0
022134,0,0,0,0,0
022135,0,0,0,0,0
022136,0,0,0,0,0
022137,0,0,0,0,0
022138,0,0,0,0,0
022139,0,0,0,0,0
022140,0,0,0,0,0
022141,0,0,0,0,0
022142,0,0,0,0,0
022143,0,0,0,0,0
022144,0,0,0,0,0
022145,0,0,0,0,0
022146,0,0,0,0,0
022147,0,0,0,0,0
022148,0,0,0,0,0
022149,0,0,0,0,0
022150,0,0,0,0,0
022151,0,0,0,0,0
022152,0,0,0,0,0
022153,0,0,0,0,0
022154,0,0,0,0,0
022155,0,0,0,0,0
022156,0,0,0,0,0
022157,0,0,0,0,0
022158,0,0,0,0,0
022159,0,0,0,0,0
022160,0,0,0,0,0
022161,0,0,0,0,0
022162,0,0,0,0,0
022163,0,0,0,0,0
022164,0,0,0,0,0
022165,0,0,0,0,0
022166,0,0,0,0,0
022167,0,0,0,0,0
022168,0,0,0,0,0
022169,0,0,0,0,0
022170,0,0,0,0,0
022171,0,0,0,0,0
022172,0,0,0,0,0
022173,0,0,0,0,0
022174,0,0,0,0,0
022175,0,0,0,0,0
022176,0,0,0,0,0
022177,0,0,0,0,0
022178,0,0,0,0,0
022179,0,0,0,0,0
022180,0,0,0,0,0
022181,0,0,0,0,0
022182,0,0,0,0,0
022183,0,0,0,0,0
022184,0,0,0,0,0
022185,0,0,0,0,0
022186,0,0,0,0,0
022187,0,0,0,0,0
022188,0,0,0,0,0
022189,0,0,0,0,0
022190,0,0,0,0,0
022191,0,0,0,0,0
022192,0,0,0,0,0
022193,1,0,0,0,1
022194,0,0,0,0,0
022195,0,0,0,0,0
022196,0,0,0,0,0
022197,0,0,0,0,0
022198,0,0,0,0,0
022199,0,0,0,0,0
022200,0,0,0,0,0
022201,0,0,0,0,0
022202,0,0,0,0,0
022203,0,0,0,0,0
022204,0,0,0,0,0
022205,0,0,0,0,0
022206,0,0,0,0,0
022207,1,0,0,0,0
022208,0,0,0,0,0
022209,0,0,0,0,0
022210,0,0,0,0,0
022211,0,0,0,0,0
022212,0,0,0,0,0
022213,0,0,0,0,0
022214,0,0,0,0,0
022215,0,0,0,0,0
022216,0,0,0,0,0
022217,0,0,0,0,0
022218,0,0,0,0,0
022219,0,0,0,0,0
022220,0,0,0,0,0
022221,0,0,0,0,0
022222,0,0,0,0,0
022223,0,0,0,0,0
022224,1,0,0,0,0
022225,0,0,0,0,0
022226,0,0,0,0,0
022227,0,0,0,0,0
022228,0,0,0,0,0
022229,0,0,0,0,0
022230,0,0,0,0,0
022231,0,0,0,0,0
022232,0,0,0,0,0
022233,0,0,0,0,0
022234,1,0,0,0,0
022235,0,0,0,0,0
022236,0,0,0,0,0
022237,0,0,0,0,0
022238,0,0,0,0,0
022239,0,0,0,0,0
022240,0,0,0,0,0
022241,0,0,0,0,0
022242,0,0,0,0,0
022243,0,0,0,0,0
022244,0,0,0,0,0
022245,0,0,0,0,0
022246,0,0,0,0,0
022247,0,0,0,0,0
022248,0,0,0,0,0
022249,0,0,0,0,1
022250,0,0,0,0,0
022251,0,0,0,0,0
022252,0,0,0,0,0
022253,0,0,0,0,0
022254,0,0,0,0,0
022255,0,0,0,0,0
022256,0,0,0,0,0
022257,0,0,0,0,0
022258,0,0,0,0,0
022259,0,0,0,0,0
022260,0,0,0,0,0
022261,0,0,0,0,0
022262,0,0,0,0,0
022263,0,0,0,0,0
022264,0,0,0,0,0
022265,0,0,0,0,0
022266,0,0,0,0,0
022267,0,0,0,0,0
022268,0,0,0,0,0
022269,0,0,0,0,0
022270,0,0,0,0,0
022271,0,0,0,0,0
022272,0,0,0,0,0
022273,0,0,0,0,0
022274,0,0,0,0,0
022275,0,0,0,0,0
022276,0,0,0,0,0
022277,0,0,0,0,0
022278,0,0,0,0,0
022279,0,0,0,0,0
022280,0,0,0,0,0
022281,0,0,0,0,0
022282,0,0,0,0,0
022283,0,0,0,0,0
022284,0,0,0,0,0
022285,0,0,0,0,0
022286,0,0,0,0,0
022287,0,0,0,0,0
022288,0,0,0,0,0
022289,0,0,0,0,0
022290,0,0,0,0,0
022291,0,0,0,0,0
022292,0,0,0,0,0
022293,0,0,0,0,0
022294,0,0,0,0,0
022295,0,0,0,0,0
022296,0,0,0,0,0
022297,0,0,0,0,0
022298,0,0,0,0,0
022299,0,0,0,0,0
022300,0,0,0,0,0
022301,0,0,0,0,0
022302,0,0,0,0,0
022303,0,0,0,0,0
022304,0,0,0,0,0
022305,0,0,0,0,0
022306,0,0,0,0,0
022307,0,0,0,0,0
022308,0,0,0,0,0
022309,0,0,0,0,0
022310,0,0,0,0,0
022311,0,0,0,0,0
022312,0,0,0,0,0
022313,0,0,0,0,0
022314,0,0,0,0,0
022315,0,0,0,0,0
022316,0,0,0,0,0
022317,1,0,0,0,0
022318,0,0,0,0,0
022319,0,0,0,0,0
022320,0,0,0,0,0
022321,0,0,0,0,0
022322,0,0,0,0,0
022323,0,0,0,0,0
022324,0,0,0,0,0
022325,0,0,0,0,
022326,0,0,0,0,0
022327,0,0,0,0,0
022328,0,0,0,0,1
022329,0,0,0,0,0
022330,0,0,0,0,
022331,0,0,0,0,0
022332,0,0,0,0,0
022333,0,0,0,0,0
022334,0,0,0,0,0
022335,0,0,0,0,0
022336,0,0,0,0,0
022337,0,0,0,0,0
022338,0,0,0,0,0
022339,0,0,0,0,0
022340,0,0,0,0,0
022341,0,0,0,0,0
022342,0,0,0,0,
022343,0,0,0,0,
022344,0,0,0,0,
022345,0,0,0,0,0
022346,0,0,0,0,0
022347,0,0,0,0,0
022348,0,0,0,0,0
022349,1,0,0,0,0
022350,0,0,0,0,0
022351,0,0,0,0,0
022352,0,0,0,0,0
022353,0,0,0,0,0
022354,0,0,0,0,0
022355,0,0,0,0,0
022356,0,0,0,0,0
022357,0,0,0,0,0
022358,0,0,0,0,0
022359,0,0,0,0,0
022360,0,0,0,0,0
022361,0,0,0,0,0
022362,0,0,0,0,0
022363,0,0,0,0,
022364,0,0,0,0,0
022365,0,0,0,0,0
022366,0,0,0,0,0
022367,0,0,0,0,0
022368,1,0,0,0,0
022369,0,0,0,0,0
022370,0,0,0,0,0
022371,0,0,0,0,0
022372,0,0,0,0,0
022373,0,0,0,0,0
022374,0,0,0,0,0
022375,0,0,0,0,1
022376,0,0,0,0,0
022377,0,0,0,0,0
022378,0,0,0,0,0
022379,0,0,0,0,0
022380,0,0,0,0,0
022381,0,0,0,0,0
022382,1,0,0,0,0
022383,0,0,0,0,0
022384,0,0,0,0,0
022385,0,0,0,0,0
022386,0,0,0,0,0
022387,0,0,0,0,0
022388,0,0,0,0,0
022389,0,0,0,0,
022390,1,0,0,0,0
022391,0,0,0,0,
022392,0,0,0,0,1
022393,0,0,0,0,
022394,0,0,0,0,0
022395,0,0,0,0,
022396,0,0,0,0,0
022397,0,0,0,0,
022398,0,0,0,0,0
022399,1,0,0,0,
022400,0,0,0,0,0
022401,0,0,0,0,
022402,0,0,0,0,0
022403,0,0,0,0,
022404,0,0,0,0,0
022405,0,0,0,0,
022406,0,0,0,0,0
022407,1,0,0,0,
022408,0,0,0,0,0
022409,0,0,0,0,
022410,0,0,0,0,
022411,0,0,0,0,0
022412,0,0,0,0,0
022413,1,0,0,0,
022414,1,0,0,1,0
022415,1,0,0,0,0
022416,0,0,0,0,0
022417,1,0,0,0,0
022418,0,0,0,0,
022419,0,0,0,0,
022420,0,0,0,0,
022421,0,0,0,0,
022422,1,0,0,0,
022423,1,0,0,0,
022424,0,0,0,0,
022425,0,0,0,0,
022426,0,0,0,0,
022427,0,0,0,0,
022428,0,0,0,0,0
022429,0,0,0,0,0
022430,0,0,0,0,0
022431,0,0,0,0,0
022432,0,0,0,0,0
022433,0,0,0,0,0
022434,1,0,0,0,1
022435,0,0,0,0,0
022436,1,0,0,1,0
022437,0,0,0,0,0
022438,0,0,0,0,0
022439,0,0,0,0,0
022440,0,0,0,0,0
022441,0,0,0,0,0
022442,0,0,0,0,0
022443,0,0,0,0,0
022444,0,0,0,0,0
022445,0,0,0,0,0
022446,0,0,0,0,0
022447,0,0,0,0,0
022448,0,0,0,0,0
022449,0,0,0,0,0
022450,0,0,0,0,0
022451,0,0,0,0,0
022452,0,0,0,0,0
022453,0,0,0,0,0
022454,0,0,0,0,0
022455,0,0,0,0,0
022456,0,0,0,0,0
022457,0,0,0,0,0
022458,0,0,0,0,0
022459,0,0,0,0,0
022460,0,0,0,0,0
022461,0,0,0,0,0
022462,0,0,0,0,0
022463,1,0,0,0,0
022464,0,0,0,0,0
022465,0,0,0,0,0
022466,0,0,0,0,0
022467,1,0,0,0,0
022468,0,0,0,0,0
022469,0,0,0,0,0
022470,0,0,0,0,0
022471,0,0,0,0,0
022472,0,0,0,0,0
022473,0,0,0,0,0
022474,1,0,0,0,1
022475,0,0,0,0,0
022476,0,0,0,0,0
022477,0,0,0,0,0
022478,0,0,0,0,0
022479,0,0,0,0,0
022480,1,0,0,0,0
022481,0,0,0,0,0
022482,0,0,0,0,0
022483,0,0,0,0,0
022484,0,0,0,0,0
022485,0,0,0,0,0
022486,0,0,0,0,0
022487,0,0,0,0,0
022488,0,0,0,0,0
022489,0,0,0,0,0
022490,0,0,0,0,0
022491,0,0,0,0,0
022492,0,0,0,0,0
022493,0,0,0,0,0
022494,0,0,0,0,0
022495,0,0,0,0,0
022496,0,0,0,0,0
022497,0,0,0,0,0
022498,0,0,0,0,0
022499,0,0,0,0,0
022500,0,0,0,0,0
022501,0,0,0,0,0
022502,0,0,0,0,0
022503,0,0,0,0,0
022504,0,0,0,0,0
022505,0,0,0,0,0
022506,0,0,0,0,0
022507,0,0,0,0,0
022508,0,0,0,0,0
022509,0,0,0,0,0
022510,0,0,0,0,0
022511,0,0,0,0,0
022512,0,0,0,0,0
022513,0,0,0,0,0
022514,0,0,0,0,0
022515,0,0,0,0,0
022516,0,0,0,0,0
022517,0,0,0,0,0
022518,0,0,0,0,0
022519,0,0,0,0,0
022520,0,0,0,0,0
022521,0,0,0,0,0
022522,0,0,0,0,0
022523,0,0,0,0,0
022524,0,0,0,0,0
022525,0,0,0,0,0
022526,0,0,0,0,0
022527,0,0,0,0,0
022528,0,0,0,0,0
022529,0,0,0,0,0
022530,0,0,0,0,0
022531,0,0,0,0,0
022532,0,0,0,0,0
022533,0,0,0,0,0
022534,0,0,0,0,0
022535,0,0,0,0,0
022536,0,0,0,0,0
022537,0,0,0,0,0
022538,0,0,0,0,0
022539,0,0,0,0,0
022540,0,0,0,0,0
022541,0,0,0,0,0
022542,0,0,0,0,0
022543,0,0,0,0,0
022544,0,0,0,0,0
022545,0,0,0,0,0
022546,0,0,0,0,0
022547,1,0,0,0,0
022548,0,0,0,0,0
022549,0,0,0,0,0
022550,0,0,0,0,0
022551,0,0,0,0,0
022552,0,0,0,0,0
022553,0,0,0,0,0
022554,0,0,0,0,0
022555,0,0,0,0,0
022556,0,0,0,0,0
022557,0,0,0,0,0
022558,0,0,0,0,0
022559,0,0,0,0,0
022560,0,0,0,0,0
022561,0,0,0,0,0
022562,0,0,0,0,0
022563,0,0,0,0,0
022564,0,0,0,0,0
022565,0,0,0,0,0
022566,0,0,0,0,0
022567,0,0,0,0,0
022568,0,0,0,0,0
022569,0,0,0,0,0
022570,0,0,0,0,0
022571,0,0,0,0,0
022572,0,0,0,0,0
022573,0,0,0,0,0
022574,0,0,0,0,0
022575,0,0,0,0,0
022576,0,0,0,0,0
022577,0,0,0,0,0
022578,0,0,0,0,0
022579,0,0,0,0,0
022580,0,0,0,0,0
022581,0,0,0,0,0
022582,1,0,0,1,1
022583,0,0,0,0,0
022584,0,0,0,0,0
022585,0,0,0,0,0
022586,0,0,0,0,0
022588,0,0,0,0,0
022589,0,0,0,0,0
022590,0,0,0,0,0
022591,0,0,0,0,0
022592,0,0,0,0,0
022593,0,0,0,0,0
022594,0,0,0,0,0
022595,0,0,0,0,0
022596,0,0,0,0,0
022597,0,0,0,0,0
022598,0,0,0,0,0
022599,1,0,0,0,0
022600,0,0,0,0,0
022601,0,0,0,0,0
022602,0,0,0,0,0
022603,0,0,0,0,0
022604,0,0,0,0,0
022605,0,0,0,0,0
022606,0,0,0,0,0
022607,0,0,0,0,0
022608,1,0,0,0,0
022609,0,0,0,0,0
022610,0,0,0,0,0
022611,0,0,0,0,0
022612,0,0,0,0,0
022613,0,0,0,0,0
022614,0,0,0,0,0
022615,0,0,0,0,0
022616,0,0,0,0,0
022617,0,0,0,0,0
022618,0,0,0,0,0
022619,0,0,0,0,0
022620,0,0,0,0,0
022621,0,0,0,0,0
022622,0,0,0,0,0
022623,0,0,0,0,0
022624,0,0,0,0,0
022625,0,0,0,0,0
022626,0,0,0,0,0
022627,0,0,0,0,0
022628,0,0,0,0,0
022629,0,0,0,0,0
022630,0,0,0,0,0
022631,0,0,0,0,0
022632,0,0,0,0,0
022633,0,0,0,0,0
022634,0,0,0,0,0
022635,0,0,0,0,0
022636,0,0,0,0,0
022637,1,0,0,0,0
022638,0,0,0,0,0
022639,0,0,0,0,0
022640,0,0,0,0,0
022641,0,0,0,0,0
022642,0,0,0,0,0
022643,0,0,0,0,0
022644,0,0,0,0,0
022645,0,0,0,0,0
022646,0,0,0,0,0
022647,0,0,0,0,0
022648,0,0,0,0,0
022649,0,0,0,0,0
022650,0,0,0,0,0
022651,0,0,0,0,0
022652,0,0,0,0,0
022653,0,0,0,0,0
022654,0,0,0,0,0
022655,0,0,0,0,0
022656,0,0,0,0,0
022657,0,0,0,0,0
022658,0,0,0,0,0
022659,0,0,0,0,0
022660,0,0,0,0,0
022661,1,0,0,0,0
022662,0,0,0,0,0
022663,0,0,0,0,0
022664,0,0,0,0,0
022665,0,0,0,0,0
022666,0,0,0,0,0
022667,0,0,0,0,0
022668,0,0,0,0,0
022669,0,0,0,0,0
022670,0,0,0,0,0
022671,0,0,0,0,0
022672,0,0,0,0,0
022673,0,0,0,0,0
022674,0,0,0,0,0
022675,0,0,0,0,0
022676,0,0,0,0,0
022677,0,0,0,0,0
022678,0,0,0,0,0
022679,0,0,0,0,0
022680,0,0,0,0,0
022681,0,0,0,0,0
022682,0,0,0,0,0
022683,0,0,0,0,0
022684,0,0,0,0,0
022685,0,0,0,0,0
022686,0,0,0,0,0
022687,0,0,0,0,0
022688,0,0,0,0,0
022689,0,0,0,0,1
022690,0,0,0,0,0
022691,0,0,0,0,0
022692,0,0,0,0,0
022693,0,0,0,0,
022694,0,0,0,0,0
022695,0,0,0,0,0
022696,0,0,0,0,0
022697,1,0,0,0,0
022698,0,0,0,0,0
022699,0,0,0,0,0
022700,0,0,0,0,0
022701,0,0,0,0,0
022702,0,0,0,0,0
022703,1,0,0,0,0
022704,0,0,0,0,0
022705,0,0,0,0,0
022706,0,0,0,0,0
022707,0,0,0,0,0
022708,0,0,0,0,0
022709,0,0,0,0,0
022710,0,0,0,0,0
022711,0,0,0,0,0
022712,0,0,0,0,0
022713,0,0,0,0,0
022714,0,0,0,0,0
022715,1,0,0,0,0
022716,0,0,0,0,0
022717,0,0,0,0,0
022718,1,0,0,0,1
022719,0,0,0,0,0
022720,0,0,0,0,0
022721,0,0,0,0,0
022722,0,0,0,0,0
022723,0,0,0,0,0
022724,0,0,0,0,0
022725,0,0,0,0,0
022726,0,0,0,0,0
022727,0,0,0,0,0
022728,0,0,0,0,0
022729,0,0,0,0,0
022730,0,0,0,0,0
022731,0,0,0,0,0
022732,0,0,0,0,0
022733,0,0,0,0,0
022734,0,0,0,0,0
022735,0,0,0,0,0
022736,0,0,0,0,0
022737,0,0,0,0,0
022738,0,0,0,0,0
022739,0,0,0,0,0
022740,0,0,0,0,0
022741,0,0,0,0,0
022742,0,0,0,0,0
022743,0,0,0,0,0
022744,0,0,0,0,0
022745,0,0,0,0,0
022746,0,0,0,0,0
022747,0,0,0,0,0
022748,0,0,0,0,0
022749,0,0,0,0,0
022750,0,0,0,0,0
022751,0,0,0,0,0
022752,0,0,0,0,0
022753,0,0,0,0,0
022754,1,0,0,0,0
022755,0,0,0,0,0
022756,0,0,0,0,0
022757,0,0,0,0,0
022758,0,0,0,0,0
022759,0,0,0,0,0
022760,0,0,0,0,0
022761,0,0,0,0,0
022762,0,0,0,0,0
022763,0,0,0,0,0
022764,0,0,0,0,0
022765,0,0,0,0,0
022766,0,0,0,0,0
022767,0,0,0,0,0
022768,0,0,0,0,0
022769,0,0,0,0,0
022770,0,0,0,0,0
022771,0,0,0,0,0
022772,0,0,0,0,0
022773,0,0,0,0,0
022774,0,0,0,0,0
022775,0,0,0,0,0
022776,0,0,0,0,0
022777,0,0,0,0,0
022778,0,0,0,0,0
022779,0,0,0,0,0
022780,0,0,0,0,0
022781,0,0,0,0,0
022782,0,0,0,0,0
022783,0,0,0,0,0
022784,0,0,0,0,0
022785,0,0,0,0,0
022786,0,0,0,0,0
022787,0,0,0,0,0
022788,0,0,0,0,0
022789,0,0,0,0,0
022790,0,0,0,0,0
022791,0,0,0,0,0
022792,0,0,0,0,0
022793,0,0,0,0,0
022794,0,0,0,0,0
022795,0,0,0,0,0
022796,0,0,0,0,0
022797,0,0,0,0,0
022798,0,0,0,0,0
022799,0,0,0,0,0
022800,0,0,0,0,0
022801,0,0,0,0,0
022802,0,0,0,0,0
022803,0,0,0,0,0
022804,0,0,0,0,0
022805,0,0,0,0,0
022806,0,0,0,0,0
022807,0,0,0,0,0
022808,0,0,0,0,0
022809,0,0,0,0,0
022810,0,0,0,0,0
022811,0,0,0,0,0
022812,0,0,0,0,0
022813,0,0,0,0,0
022814,0,0,0,0,0
022815,0,0,0,0,0
022816,0,0,0,0,0
022817,0,0,0,0,0
022818,0,0,0,0,0
022819,0,0,0,0,0
022820,0,0,0,0,0
022821,0,0,0,0,0
022822,0,0,0,0,0
022823,0,0,0,0,0
022824,0,0,0,0,0
022825,0,0,0,0,0
022826,0,0,0,0,0
022827,0,0,0,0,0
022828,0,0,0,0,0
022829,0,0,0,0,0
022830,0,0,0,0,0
022831,0,0,0,0,0
022832,0,0,0,0,0
022833,0,0,0,0,0
022834,0,0,0,0,0
022835,1,0,0,0,0
022836,0,0,0,0,0
022837,0,0,0,0,0
022838,0,0,0,0,0
022839,0,0,0,0,0
022840,0,0,0,0,0
022841,0,0,0,0,0
022842,0,0,0,0,0
022843,0,0,0,0,0
022844,0,0,0,0,0
022845,0,0,0,0,0
022846,0,0,0,0,0
022847,1,0,0,0,0
022848,0,0,0,0,0
022849,0,0,0,0,0
022850,0,0,0,0,0
022851,0,0,0,0,0
022852,0,0,0,0,0
022853,0,0,0,0,0
022855,0,0,0,0,0
022856,0,0,0,0,0
022857,0,0,0,0,0
022858,0,0,0,0,0
022859,0,0,0,0,0
022860,0,0,0,0,0
022861,0,0,0,0,0
022862,0,0,0,0,0
022863,0,0,0,0,0
022864,0,0,0,0,0
022865,0,0,0,0,0
022866,0,0,0,0,0
022867,0,0,0,0,0
022868,0,0,0,0,0
022869,0,0,0,0,0
022870,0,0,0,0,0
022871,0,0,0,0,0
022872,0,0,0,0,0
022873,0,0,0,0,0
022874,0,0,0,0,0
022875,0,0,0,0,0
022876,0,0,0,0,0
022877,0,0,0,0,0
022878,0,0,0,0,0
022879,0,0,0,0,0
022880,0,0,0,0,0
022881,0,0,0,0,0
022882,0,0,0,0,0
022883,0,0,0,0,0
022884,0,0,0,0,0
022885,0,0,0,0,0
022886,0,0,0,0,0
022887,0,0,0,0,0
022888,0,0,0,0,0
022889,0,0,0,0,0
022890,0,0,0,0,0
022891,0,0,0,0,0
022892,0,0,0,0,0
022893,0,0,0,0,0
022894,0,0,0,0,0
022895,0,0,0,0,0
022896,0,0,0,0,0
022897,0,0,0,0,0
022898,0,0,0,0,0
022899,0,0,0,0,0
022900,0,0,0,0,0
022901,0,0,0,0,0
022902,0,0,0,0,0
022903,0,0,0,0,0
022904,0,0,0,0,0
022905,0,0,0,0,0
022906,0,0,0,0,0
022907,0,0,0,0,0
022908,0,0,0,0,0
022909,0,0,0,0,0
022910,0,0,0,0,0
022911,1,0,0,0,0
022912,0,0,0,0,0
022913,0,0,0,0,0
022914,0,0,0,0,0
022915,0,0,0,0,0
022916,0,0,0,0,0
022917,0,0,0,0,0
022918,0,0,0,0,0
022919,0,0,0,0,0
022920,0,0,0,0,0
022921,0,0,0,0,0
022922,0,0,0,0,0
022923,0,0,0,0,0
022924,0,0,0,0,0
022925,0,0,0,0,0
022926,0,0,0,0,0
022927,0,0,0,0,0
022928,0,0,0,0,0
022929,0,0,0,0,0
022930,0,0,0,0,0
022931,0,0,0,0,0
022932,0,0,0,0,0
022933,0,0,0,0,0
022934,0,0,0,0,0
022935,0,0,0,0,0
022936,0,0,0,0,0
022938,0,0,0,0,0
022939,1,0,0,0,0
022940,1,0,0,0,1
022941,0,0,0,0,0
022942,0,0,0,0,0
022943,0,0,0,0,0
022944,0,0,0,0,0
022945,0,0,0,0,0
022946,1,0,0,1,1
022947,0,0,0,0,0
022948,0,0,0,0,0
022949,1,0,0,0,0
022950,0,0,0,0,0
022951,0,0,0,0,0
022952,0,0,0,0,0
022953,0,0,0,0,0
022954,0,0,0,0,0
022955,0,0,0,0,0
022956,0,0,0,0,0
022957,0,0,0,0,0
022958,0,0,0,0,0
022959,0,0,0,0,
022960,0,0,0,0,0
022961,0,0,0,0,0
022962,0,0,0,0,0
022963,0,0,0,0,0
022964,0,0,0,0,0
022965,0,0,0,0,0
022966,0,0,0,0,0
022967,0,0,0,0,0
022968,0,0,0,0,0
022969,0,0,0,0,0
022970,0,0,0,0,0
022971,0,0,0,0,0
022972,0,0,0,0,0
022973,0,0,0,0,0
022974,0,0,0,0,0
022975,1,0,0,0,0
022976,0,0,0,0,0
022977,0,0,0,0,0
022978,0,0,0,0,0
022979,0,0,0,0,0
022980,0,0,0,0,0
022981,0,0,0,0,
022982,0,0,0,0,0
022983,0,0,0,0,0
022984,0,0,0,0,0
022985,0,0,0,0,0
022986,0,0,0,0,0
022987,0,0,0,0,0
022988,1,0,0,0,0
022989,1,0,0,0,0
022990,0,0,0,0,0
022991,0,0,0,0,0
022992,0,0,0,0,0
022993,0,0,0,0,0
022994,0,0,0,0,0
022995,0,0,0,0,0
022996,0,0,0,0,0
022997,0,0,0,0,0
022998,1,0,0,0,1
022999,0,0,0,0,0
023000,0,0,0,0,0
